Question,Answer
What is a Savings Account?,"A savings account lets you keep your money safe in a bank while earning a small interest, usually around 2–4% per year."
What is a Current Account?,A current account is mainly for businesses. It allows unlimited daily transactions but doesn't pay interest on the balance.
What is a Fixed Deposit?,A fixed deposit lets you lock in a sum of money for a set period to earn a higher interest rate than a regular savings account.
What does KYC stand for?,KYC stands for Know Your Customer. It's how banks verify who you are using documents like Aadhaar or PAN card.
What is a cheque?,A cheque is a written instruction to your bank to pay a specific amount to someone else from your account.
What happens when a cheque bounces?,"When a cheque bounces, the bank refuses to pay it — usually because there's not enough money in the account. It can lead to a penalty or even legal action."
What is a Demand Draft?,"A demand draft is a prepaid payment made through the bank, so it can't bounce. It's great for paying college fees or government offices."
What is an overdraft?,"An overdraft lets you withdraw more money than you have in your account, up to a limit set by the bank. You pay interest on what you use."
What is a joint account?,A joint account is shared between two or more people. All account holders can access and manage the funds together.
What is a nominee in a bank account?,"A nominee is someone you choose to receive your account funds if you pass away. They don't legally own the money, but they receive it on behalf of your family."
What is a Recurring Deposit?,"A recurring deposit lets you save a fixed amount every month for a chosen period. At the end, you get back all your money plus interest."
What is a zero balance account?,A zero balance account doesn't require you to keep any minimum amount. You can open it with no money and use it freely.
Can a minor open a bank account?,"Yes, a minor below 18 can open a bank account, but it's operated by a parent or guardian until they turn 18."
What is a senior citizen savings account?,It's a special savings account for people above 60 years. It offers higher interest rates and sometimes priority service at branches.
What is an NRI account?,"An NRI account is for Indians living abroad. There are three types — NRE, NRO, and FCNR — depending on the currency and whether funds need to be repatriated."
What is an account number?,Your account number is a unique code your bank gives your account. It's used to identify you during any transaction.
What is a bank passbook?,"A passbook is a small booklet your bank gives you. It records all your deposits, withdrawals, and the current balance in your account."
What is a cheque book?,A cheque book is a set of blank cheques given by your bank. You fill and sign them to make payments to others.
How much interest does a savings account earn?,Most Indian banks offer 2–4% per year on savings accounts. Some small finance banks offer up to 7%.
What is a dormant account?,"If you don't make any transaction in your account for 2 years, it becomes dormant and gets locked for security reasons."
What is a BSBD account?,BSBD stands for Basic Savings Bank Deposit account. It's a zero-balance account made for low-income individuals with basic banking features.
How do I reactivate a dormant account?,"Visit your bank branch with your KYC documents and submit a written request. Once verified, your account will be reactivated."
What is a sweep-in account?,"A sweep-in account automatically moves extra money above a threshold into a fixed deposit to earn higher interest, and brings it back when needed."
What is a bank locker?,"A bank locker is a small safe inside the bank where you can store valuables like gold, jewellery, or important documents for a yearly fee."
What documents are needed to open a bank account?,"You need an identity proof like Aadhaar or PAN card, address proof, passport-size photos, and a filled application form."
What is TDS on Fixed Deposit?,"If your FD interest is more than ₹40,000 a year, the bank deducts 10% TDS. For senior citizens, the limit is ₹50,000."
What is Form 15G?,Form 15G is a self-declaration form for people below 60. Submitting it tells the bank not to deduct TDS if your total income is below the taxable limit.
What is Form 15H?,Form 15H is for senior citizens. It asks the bank not to deduct TDS if their total tax payable is nil.
What is a salary account?,A salary account is a zero-balance savings account where your employer credits your salary each month. It often comes with extra perks like free insurance.
What is a tax-saving FD?,"A tax-saving FD has a 5-year lock-in and qualifies for deduction under Section 80C of the Income Tax Act, up to ₹1.5 lakh per year."
Can I withdraw an FD before maturity?,"Yes, but you'll usually pay a penalty of around 0.5–1% less interest than the original rate."
What is interest payout in FD?,"FD interest can be paid monthly, quarterly, half-yearly, or at maturity. Cumulative payout at maturity earns the most because of compounding."
What is DICGC insurance?,"DICGC insures your deposits up to ₹5 lakh per bank. So if the bank fails, you're guaranteed to get back up to ₹5 lakh."
What is a PPF account?,PPF is Public Provident Fund. It's a 15-year government savings scheme with tax-free interest of around 7.1% per year.
What is a Sukanya Samriddhi account?,It's a government savings scheme for girl children below 10 years. It offers around 8.2% interest and full tax exemption.
What is the Atal Pension Yojana?,"Atal Pension Yojana is a pension scheme for unorganized sector workers. You contribute until 60 and get a fixed monthly pension of ₹1,000 to ₹5,000."
What is PMJDY?,Pradhan Mantri Jan Dhan Yojana is a scheme to give every Indian a bank account. It offers a zero-balance account with a RuPay debit card and accident insurance.
What is a RuPay card?,"RuPay is India's own card payment network, like Visa or Mastercard but made by NPCI. It works at ATMs, POS machines, and for online payments."
What is the minimum balance in a savings account?,"It varies by bank. Government banks like SBI may require ₹0 to ₹3,000 while private banks may ask for ₹5,000 to ₹25,000 depending on the city."
What happens if I don't maintain minimum balance?,"The bank charges a non-maintenance fee, typically ₹100 to ₹500, if your account falls below the required minimum balance."
What is an escrow account?,An escrow account is a neutral account where money is held safely until both parties in a deal (like property purchase) meet their obligations.
What is a co-operative bank?,A co-operative bank is owned and run by its members. It mainly provides banking services to rural communities and small businesses.
What is a payments bank?,A payments bank can accept deposits up to ₹2 lakh and offer digital payments but cannot give loans. Examples include Airtel Payments Bank and India Post Payments Bank.
What is a small finance bank?,"A small finance bank serves people who don't have easy access to regular banking, like small farmers and micro businesses. Example: AU Small Finance Bank."
What is the NRE account used for?,NRE account is used by NRIs to park their foreign earnings in India in Indian rupees. The interest is tax-free in India and the money can be sent back abroad freely.
What is an NRO account?,"NRO is for managing income earned in India by an NRI, like rent or dividends. Interest is taxable and repatriation has limits."
What is a FCNR account?,"FCNR lets NRIs deposit money in foreign currency (USD, GBP, EUR, etc.) without any exchange rate risk. Interest is tax-free and the deposit is fully repatriable."
What is account nomination and why is it important?,"Nomination lets the bank release funds to your chosen person after your death, avoiding delays or legal complications for your family."
What is an inoperative account?,An account with no transactions for 2 years is called inoperative. You need to submit fresh KYC at the branch to make it active again.
How can I close a bank account?,"Visit your branch, submit a closure request form, return your debit card and unused cheques, and get any remaining balance transferred or in cash."
What is a bank guarantee?,A bank guarantee is a promise by the bank to pay a specific amount to someone if the bank's customer fails to meet their contractual commitment.
What is a letter of credit?,A letter of credit is issued by a bank guaranteeing a seller will get paid as long as they meet the delivery conditions. It's widely used in international trade.
What is a trust account?,A trust account holds money managed by one person (trustee) for the benefit of another (beneficiary) under a legal agreement.
What is an account statement?,"An account statement is an official record of all your transactions — deposits, withdrawals, charges, and interest — for a specific period."
Can I open a bank account online?,"Yes. Most banks let you open an account online by filling a form, uploading KYC documents, and completing a video KYC call."
What is video KYC?,"Video KYC lets you complete identity verification through a live video call with a bank official from your home, without visiting the branch."
What is a current account for businesses?,"A current account gives businesses unlimited daily transactions, overdraft facilities, and cheque books. It doesn't pay interest but provides all the tools a business needs."
What is an average monthly balance?,Average monthly balance is the average of your daily closing balances in a month. Banks require you to maintain this to avoid penalty charges.
What is a banker's cheque?,A banker's cheque is issued by the bank itself on your behalf using bank funds. It's safer than a personal cheque because it won't bounce.
What is a multipurpose financial inclusion card?,"It's a single card issued by banks under financial inclusion programs that combines savings, insurance, and credit access for rural customers."
What is an NBFC?,"NBFC stands for Non-Banking Financial Company. It offers loans and investments like a bank but doesn't have a banking licence. Examples: Bajaj Finance, HDFC Ltd."
Can I have multiple bank accounts?,"Yes, you can have accounts in as many banks as you want. But each account has its own maintenance requirements and charges."
What is a bulk deposit?,A bulk deposit is a single deposit of ₹2 crore or more. Banks often offer special negotiated interest rates for these.
What is auto-renewal of FD?,"If you don't give any instruction when your FD matures, the bank automatically renews it for the same duration at the current interest rate."
What is a partial withdrawal from FD?,Some banks allow you to break only a part of your FD while the rest continues earning interest at the original rate.
What is the PMMY loan?,Pradhan Mantri MUDRA Yojana provides small business loans up to ₹10 lakh through banks and MFIs without collateral for non-farm businesses.
What is a regional rural bank?,"Regional rural banks (RRBs) are government-owned banks that serve rural areas, giving loans to farmers, artisans, and laborers. They are co-owned by the central and state government and a sponsor bank."
What is a self-help group bank linkage?,"Banks provide loans directly to self-help groups (SHGs) of rural women, who then lend to members. This helps people without collateral access credit."
What is account re-activation?,"To reactivate a dormant or inoperative account, visit the branch with KYC documents, fill a reactivation form, and do a transaction to restore normal access."
What is the difference between savings and current account?,"A savings account earns interest and limits daily transactions. A current account offers unlimited transactions without interest, and is meant for businesses."
What is a MICR code?,MICR stands for Magnetic Ink Character Recognition. It's a code at the bottom of your cheque used by machines to process and clear it quickly.
What is an IFSC code?,"IFSC is Indian Financial System Code. It's an 11-character code that identifies your specific bank branch for electronic fund transfers like NEFT, RTGS, and IMPS."
How do I find my IFSC code?,"You can find your IFSC code on the first page of your cheque book, your passbook, the bank's website, or on a cheque leaf."
What is a mini statement?,"A mini statement shows your last 5–10 transactions. You can get it at an ATM, through SMS banking, or by giving a missed call to your bank."
What is a cheque truncation system?,"CTS replaces physical cheque movement with digital images during clearing, making the process faster and reducing errors."
What is the Positive Pay System?,Positive Pay requires you to share the cheque details with the bank before presenting it. This helps the bank catch fake or altered cheques.
What is a currency chest?,A currency chest is a storage facility at certain bank branches that holds RBI's stock of notes and coins for distribution to nearby branches.
What is a nidhi company?,"A nidhi company is a type of NBFC that takes deposits from and lends only to its own members, encouraging savings within a small community."
What is the difference between NRE and FCNR?,"NRE accounts hold foreign earnings in Indian rupees. FCNR accounts hold foreign earnings in the original foreign currency, protecting against exchange rate changes."
What is an account aggregator?,An account aggregator is an RBI-licensed service that lets you securely share your financial data across banks and apps with your consent.
What is a SHG?,"SHG stands for Self-Help Group. It's a small group of people, usually women, who save together and take turns getting small loans from a pooled fund."
What is the NACH system?,"NACH is National Automated Clearing House. It automates bulk payments like salaries, EMIs, SIPs, and utility bills between banks."
What is a flexi deposit account?,A flexi deposit combines a savings account with an FD. Extra money above a limit goes into an FD automatically to earn more interest.
What is an account opening bonus?,"Some banks offer cashback, welcome gifts, or reward points when you open a new account or upgrade to a premium account."
What is the difference between nominee and legal heir?,"A nominee receives the account balance after your death for safekeeping, but the legal heirs under your will or succession law are the actual owners."
What is a succession certificate?,A succession certificate is issued by a court to allow legal heirs to claim funds from a deceased person's bank account when there's no will.
What is a passbook update?,Passbook update means visiting your bank branch or using a passbook printing kiosk to record all your latest transactions in your passbook.
What is TDS deduction from savings account interest?,"Banks deduct TDS if total interest on savings account exceeds ₹10,000 per year for regular customers. You can avoid it by submitting Form 15G or 15H."
What is a joint account mode of operation?,"For a joint account you can choose: Either or Survivor (any one can operate), Former or Survivor (primary holder operates), or Jointly (both signatures required)."
How do I update my mobile number in a bank account?,"Visit your branch with your old and new mobile number and a valid ID proof, fill a request form, and your number will be updated usually within one working day."
How do I change my address in a bank account?,"Submit a request at your branch along with a fresh address proof like an Aadhaar, utility bill, or rent agreement. Some banks allow this online too."
What is a SCSS account?,"SCSS is Senior Citizen Savings Scheme. It's a government-backed investment for people above 60, offering higher interest rates with a 5-year tenure."
What is a bank's role in the economy?,Banks collect savings from people and lend them to businesses and individuals. This keeps money flowing through the economy and supports growth.
What is the Insolvency and Bankruptcy Code's impact on banks?,The IBC lets banks take faster legal action against large defaulters by initiating resolution or liquidation of the borrower's assets through the NCLT.
What is a stale cheque?,A cheque becomes stale if it is not presented to the bank within 3 months from the date written on it. The bank will not honour a stale cheque.
What is an ante-dated cheque?,An ante-dated cheque has a date earlier than the date it was written. It's valid as long as it's presented within 3 months of the written date.
What is a post-dated cheque?,A post-dated cheque carries a future date. The bank will not process it until that date arrives.
What is a bearer cheque?,A bearer cheque can be encashed by anyone who presents it at the bank counter — no name is required. This makes it risky if lost.
What is an order cheque?,An order cheque pays only to the person whose name is written on it. The bank verifies identity before making payment.
What is a crossed cheque?,A crossed cheque has two parallel lines on it meaning it can only be deposited into a bank account and not encashed directly at the counter.
What is account closure procedure?,"Submit a written request, return your debit card and unused cheques, and make sure all pending transactions are cleared. The bank will close the account and pay out the balance."
What is a savings bank interest calculation?,"Banks calculate interest on your daily closing balance and credit it to your account quarterly, usually in March, June, September, and December."
What is the maximum FD tenure?,"Fixed deposits can be opened for a minimum of 7 days and a maximum of 10 years, depending on the bank's product offerings."
What is a gold savings scheme at a bank?,Some banks offer gold savings schemes where you can make regular payments and redeem them as gold at the end of the scheme period.
What is an individual account?,An individual account is a standard bank account held in the name of a single person who is the sole owner and operator.
Can a housewife open a bank account?,"Yes, any Indian citizen regardless of employment status can open a savings account with valid KYC documents."
What is the PMJJBY scheme?,Pradhan Mantri Jeevan Jyoti Bima Yojana is a government life insurance scheme linked to bank accounts. It offers ₹2 lakh life cover for a yearly premium of ₹436.
What is PMSBY?,"Pradhan Mantri Suraksha Bima Yojana offers ₹2 lakh accidental death cover for a yearly premium of just ₹20, linked to your savings account."
What is an account holder?,An account holder is the person or entity in whose name a bank account is officially registered and who has the authority to operate it.
What is a corporate banking account?,"A corporate banking account is designed for large businesses and offers services like cash management, trade finance, payroll, and foreign currency accounts."
What is a flexi recurring deposit?,"A flexi RD allows you to vary your monthly deposit amount, unlike a regular RD where the amount is fixed. It gives more flexibility to irregular earners."
What is a multi-currency account?,A multi-currency account holds balances in multiple foreign currencies. It's mainly used by frequent international travellers and businesses dealing in multiple countries.
What is a debit card?,"A debit card is linked to your bank account. When you use it to shop or withdraw cash, the money is taken directly from your account."
What is a credit card?,"A credit card lets you borrow money from the bank to make purchases. You pay it back later, and if you miss the deadline, you're charged interest."
What is a PIN?,PIN stands for Personal Identification Number. It's your 4–6 digit secret code used to authorise card transactions at ATMs and shops.
What is an ATM?,"An ATM is Automated Teller Machine. It lets you withdraw cash, check your balance, and do basic banking without visiting a branch."
What is mobile banking?,"Mobile banking is using your bank's app on your smartphone to transfer money, pay bills, check your balance, and manage your account."
What is net banking?,"Net banking lets you log in to your bank's website to do all your banking — transfers, bill payments, fixed deposits — from any browser."
What is OTP?,OTP is One-Time Password. It's a temporary code sent to your phone or email to confirm that it's really you doing a transaction.
What is NEFT?,"NEFT is National Electronic Funds Transfer. It lets you send money to any bank account in India. Transfers happen in batches every 30 minutes, 24x7."
What is RTGS?,RTGS is Real-Time Gross Settlement. It's for transferring large amounts (above ₹2 lakh) instantly. It works 24x7 and is settled in real time.
What is IMPS?,"IMPS is Immediate Payment Service. It lets you send money to any bank account instantly, any time, even on holidays. There's no minimum amount."
What is UPI?,"UPI is Unified Payments Interface. It lets you send money instantly using just a mobile number, UPI ID, or QR code — no account number needed."
What is a virtual card?,"A virtual card is a digital card number you can use for online shopping without using your real card, keeping your actual card details safe."
What is two-factor authentication?,Two-factor authentication means you need two things to log in — usually your password plus an OTP sent to your phone. It makes your account much harder to hack.
What is a daily transaction limit?,Banks set a maximum amount you can transfer or withdraw in a day for security. You can usually change this in your banking app or at the branch.
What is internet banking fraud?,Internet banking fraud is when someone illegally accesses your account online to steal money. It often happens through phishing or fake bank websites.
What is QR code payment?,"You scan a merchant's QR code using your UPI app and the payment goes through instantly. No cash, no card, no hassle."
What is a digital wallet?,"A digital wallet like Paytm or Amazon Pay stores your money digitally. You can use it to pay at stores, apps, and websites without a bank card."
What is the BHIM app?,BHIM is a UPI payment app developed by NPCI. You can use it to send and receive money instantly using just a UPI ID or mobile number.
What is contactless payment?,"You tap your card or phone on a payment machine to pay. In India, no PIN is needed for amounts up to ₹5,000."
What is a QR code?,A QR code is a square barcode that stores payment information. Merchants display them so customers can scan and pay using any UPI app.
What is UPI ID?,"A UPI ID is your payment address, like name@bank. You share it with others so they can send you money without knowing your account number."
What is Google Pay?,"Google Pay is a UPI-based payment app by Google. You can use it to send money, pay bills, and recharge phones directly from your bank account."
What is PhonePe?,"PhonePe is a popular UPI app in India where you can make payments, split bills, pay utilities, invest in mutual funds, and buy insurance."
What is Paytm?,"Paytm is a fintech app offering a digital wallet, UPI payments, bill payments, investing, and even a payments bank account."
What is net banking login?,You log in to net banking using your customer ID or username and a password. A second verification using OTP is usually needed.
What is IMPS transfer limit?,Most banks allow IMPS transfers of up to ₹5 lakh per transaction. Some banks allow up to ₹2–5 lakh per day depending on your account type.
How long does NEFT take?,"NEFT settles in the next half-hour batch after you initiate the transfer. It runs 24x7, so your money usually arrives within 30 minutes."
What is RTGS minimum amount?,The minimum amount for RTGS is ₹2 lakh. There is no maximum limit. It's ideal for large payments like property deals.
What is a UPI limit per day?,"RBI allows up to ₹1 lakh per transaction for standard UPI. For specific uses like capital markets or medical emergencies, the limit is ₹5 lakh."
What is UPI AutoPay?,UPI AutoPay lets you set up automatic recurring payments — like subscriptions or SIPs — so money is debited without you approving each time.
What is tokenization of cards?,"Tokenization replaces your actual card number with a unique code (token) during online payments, so your real card details are never exposed."
What is a payment gateway?,"A payment gateway is the technology that connects online shops to banks, securely processing your card or UPI payment when you checkout."
What is Aadhaar-enabled Payment System?,AePS lets you withdraw cash or check balance at a banking agent using just your Aadhaar number and fingerprint — no card or phone needed.
What is a banking correspondent?,"A banking correspondent is an agent, often a shopkeeper, who provides basic banking services in areas without a bank branch using a handheld device."
What is a prepaid card?,A prepaid card is loaded with a set amount of money beforehand. You can use it like a debit card until the balance runs out.
What is CVV on a card?,CVV is a 3-digit security code on the back of your card. It's used for online transactions to confirm you physically have the card.
What is phishing?,"Phishing is when fraudsters send fake emails or messages that look like they're from your bank, trying to trick you into giving your password or OTP."
What is vishing?,Vishing is phone fraud. Someone calls pretending to be a bank official and tries to get you to share your account details or OTP.
What is smishing?,Smishing is SMS fraud. You get a message with a suspicious link claiming to be from your bank. Clicking it can steal your info or install malware.
What is card skimming?,"Card skimming is when fraudsters attach a hidden device to an ATM to copy your card data, which they then use to make fake cards."
What is a chargeback?,If you dispute a card transaction — say you didn't get what you paid for — your bank can reverse the payment through a chargeback process.
What is e-KYC?,e-KYC is electronic KYC using your Aadhaar number. It verifies your identity digitally in seconds without any physical paperwork.
What is DigiLocker?,"DigiLocker is a government app where you can store digital copies of your Aadhaar, PAN, and other documents. Banks accept these for KYC."
What is USSD banking?,"USSD banking lets you access banking services like balance check and fund transfer by dialling *99# on any mobile phone, even without internet."
What is the BBPS?,"BBPS is Bharat Bill Payment System. It's a single platform to pay all kinds of bills — electricity, water, gas, loan EMIs — through any bank or app."
What is FASTag?,"FASTag is an RFID sticker on your car's windscreen. When you pass a toll booth, the fee is automatically deducted from your linked account."
What is a missed call banking service?,Many banks let you check your balance or get a mini statement by just giving a missed call from your registered mobile number — no internet needed.
What is IVR banking?,"IVR lets you do basic banking by calling your bank's helpline and pressing numbered keys on your phone to check balance, report lost cards, etc."
What is open banking?,Open banking lets you share your financial data with trusted third-party apps (with your permission) to get better financial tools and services.
What is a banking chatbot?,"A banking chatbot is an AI assistant on your bank's app or website that answers questions, helps with transactions, and resolves issues instantly."
What is the free ATM withdrawal limit?,"RBI allows 5 free ATM transactions at your own bank and 3 free transactions at other banks in metro cities per month. After that, ₹21 is charged per transaction."
What is a failed ATM transaction?,"If money is deducted from your account but you don't get cash from the ATM, the bank must reverse the amount within 5 business days."
What is the NPCI?,"NPCI is National Payments Corporation of India. It runs all major Indian payment systems like UPI, RuPay, IMPS, FASTag, and NACH."
What is a debit card daily limit?,"Banks usually allow ₹40,000–₹1 lakh per day on debit cards. You can change this in your banking app within the maximum limit."
What is UPI Lite?,"UPI Lite is for small payments up to ₹500. It uses on-device balance and works without internet. Great for quick, low-value transactions."
What is a credit card statement?,"It's a monthly summary of all your credit card transactions, the total amount due, minimum payment due, and the payment due date."
What is a credit card billing cycle?,A billing cycle is the monthly period (usually 30 days) during which all credit card transactions are recorded and billed.
What is a credit card grace period?,The grace period is the time between your billing date and payment due date — usually 15–25 days. Pay the full amount in this period to avoid interest.
What is a credit card minimum payment?,The minimum payment is the smallest amount (usually 5% of the balance) you must pay each month to keep your credit card account in good standing.
What is credit card interest?,"If you don't pay your full credit card bill, interest is charged on the outstanding amount — usually 24% to 42% per year, which is very high."
What is a credit card cash advance?,"A cash advance lets you withdraw cash using your credit card. It usually has a high fee and interest starts from day one, with no grace period."
What is a debit card international usage?,Debit cards can be used abroad if the bank activates international access. A small conversion fee applies on each foreign currency transaction.
What is a credit card reward program?,"Credit card rewards give you points or cashback on every purchase. Accumulated points can be redeemed for travel, shopping, or bill payments."
What is a credit card annual fee?,"An annual fee is a yearly charge for using a credit card. Some cards are lifetime-free; premium cards may charge ₹500 to ₹10,000 per year."
What is a card block request?,"If your card is lost or stolen, you can block it instantly by calling the bank's helpline, using the mobile app, or sending an SMS."
What is a digital loan?,"A digital loan is sanctioned and disbursed entirely online in minutes, using data from your bank account, credit score, and digital income proof."
What is UPI 123PAY?,"UPI 123PAY allows feature phone users without internet to make UPI payments via IVR call or missed call, extending digital banking to rural India."
What is SIM swap fraud?,"SIM swap fraud is when a criminal gets a duplicate SIM in your name, takes over your mobile number, and intercepts your OTPs to access your bank account."
What is a bank's cyber security team?,"A bank's cyber security team monitors transactions around the clock, blocks suspicious activity, and responds to fraud to protect customer accounts."
What is AePS withdrawal?,"With AePS, you can withdraw cash from a business correspondent's micro ATM using only your Aadhaar number and fingerprint — no card or PIN required."
What is the National Financial Switch?,"NFS is the ATM network run by NPCI that connects all ATMs in India, letting you withdraw cash from any bank's ATM using any bank's card."
What is a debit card EMI?,Some banks allow you to convert large debit card purchases into EMIs. The amount is deducted monthly from your account with a small interest charge.
What is a recurring payment?,"A recurring payment is an automatic debit that happens every month for things like loan EMIs, insurance premiums, or streaming subscriptions."
What is NACH debit?,NACH debit is an automatic payment pulled from your account by a lender or service provider after you authorize it once via a mandate.
What is a NACH return charge?,"If a NACH debit fails because your account had insufficient funds, the bank charges you a return fee — usually ₹100 to ₹500."
What is Net Banking 2FA?,"Net banking uses two-factor authentication: your password (first factor) and an OTP sent to your registered mobile (second factor), to keep your account safe."
What is a payment app PIN?,A payment app PIN is a 4–6 digit code you set in UPI apps like Google Pay or PhonePe to authorize each money transfer from your phone.
What is a banking app update?,"Banks regularly update their apps to fix security issues, add new features, and comply with RBI guidelines. Always keep your banking app updated."
What is biometric login in banking?,"Biometric login lets you access your banking app using your fingerprint or face instead of a password, making it faster and more secure."
What is the e-Rupee?,"The e-Rupee is India's Central Bank Digital Currency launched by RBI. It's a digital form of cash, equal in value to physical rupee notes."
What is CBDC?,"CBDC is Central Bank Digital Currency. In India, RBI's Digital Rupee is a CBDC that works like cash but in digital form, without needing a bank account."
What is an IBAN?,"IBAN is International Bank Account Number. It's a standard format for bank account numbers used in international transfers, especially in Europe and the Middle East."
What is a SWIFT code?,SWIFT code is a unique code identifying your bank's international address. It's needed when sending or receiving money across countries.
What is cross-border payment?,Cross-border payment is sending money from one country to another. It involves currency conversion and is processed through SWIFT or correspondent banks.
What is a wire transfer?,"A wire transfer is an electronic transfer of funds between banks, often used for international payments. It's secure but may take 1–5 business days."
What is a remittance?,"Remittance is money sent by someone working abroad back to their family in their home country. In India, remittances from NRIs are a major source of income."
What is the RBI Retail Direct platform?,"RBI Retail Direct is a platform where you can directly buy government bonds, treasury bills, and sovereign gold bonds online without a broker."
What is Sovereign Gold Bond?,Sovereign Gold Bonds are RBI-issued bonds that give you returns linked to gold prices plus 2.5% annual interest. No storage risk and capital gains are tax-free on maturity.
What is a Demat account?,"A Demat account holds your shares and securities in electronic form, like a bank account holds money. It's needed for trading in the stock market."
What is an online fixed deposit?,You can open an FD through net banking or your mobile app without visiting a branch. The rate is the same as at the branch.
What is 3D Secure for credit cards?,3D Secure is an extra authentication step — usually an OTP — required for online credit card transactions to prevent unauthorised use.
What is card-not-present fraud?,"Card-not-present fraud happens when someone uses your card details (number, CVV, expiry) for online purchases without having your physical card."
What is a mobile POS terminal?,A mobile POS is a card-swiping device connected to a smartphone. Small merchants use it to accept debit/credit card payments on the go.
What is a QR code merchant?,"A merchant who displays a QR code on their counter for customers to scan and pay using any UPI app, without needing a card machine."
What is cardless cash withdrawal?,You can withdraw cash at certain ATMs using just your mobile banking app and a one-time code — no card needed.
What is a UPI transaction ID?,Every UPI payment generates a unique transaction ID (UTR number). Use it to track your payment or raise a dispute if something goes wrong.
What is a NEFT UTR number?,A UTR (Unique Transaction Reference) number is generated for every NEFT and RTGS transfer. It's used to track or dispute a transaction.
What is a digital savings account?,A digital savings account is opened and operated entirely online. It works like a regular savings account but with no physical branch visits required.
What is real-time balance update?,"After any transaction, your account balance is updated instantly in your mobile app or net banking, so you always know exactly how much you have."
What is an SMS transaction alert?,"Banks send you an SMS every time a transaction happens on your account — credit, debit, ATM withdrawal — so you can immediately detect fraud."
What is a bank's 24x7 helpline?,"Most banks have a toll-free 24-hour helpline where you can block cards, report fraud, get balance info, or raise complaints anytime."
What is a payment failure and auto-refund?,"If an online payment fails but money is deducted, the bank must auto-refund within 5 business days. If not done, they owe you compensation."
What is BBPS bill payment?,"Through BBPS, you can pay any recurring bill — electricity, broadband, water, insurance, school fees — through any bank app or payment platform."
What is a bank token?,A bank token (hardware or software) generates a one-time code for added security when logging into net banking or authorizing large transactions.
What is a push notification in banking?,"Push notifications are alerts from your bank app for every transaction, low balance, new offers, or due payments — keeping you instantly informed."
What is a one-time password for banking?,An OTP is a temporary 4–6 digit code sent to your phone to confirm a transaction or login attempt. It expires in 60–300 seconds and can't be reused.
What is a loan?,A loan is money you borrow from a bank and agree to pay back over time with interest.
What is a home loan?,A home loan is money borrowed from a bank to buy or build a house. You repay it in monthly instalments over 10–30 years.
What is a personal loan?,"A personal loan is an unsecured loan you can use for any purpose — medical bills, travel, wedding, or home repair. No collateral is needed."
What is a car loan?,"A car loan is taken to buy a vehicle. The car itself acts as security. You repay it in EMIs, usually over 3–7 years."
What is a gold loan?,A gold loan is where you pledge your gold jewellery or coins at the bank and get cash in return. It's quick and doesn't need a credit score.
What is an education loan?,An education loan helps students fund their higher education in India or abroad. Repayment usually begins 6–12 months after getting a job.
What is a business loan?,A business loan provides working capital or funds for business expansion. It can be secured or unsecured depending on the lender.
What is a crop loan?,"A crop loan (Kisan Credit Card) is a short-term loan for farmers to buy seeds, fertilizers, and equipment for their agricultural activities."
What is collateral?,"Collateral is an asset you offer the bank as security for a loan — like your house, car, or gold. If you don't repay, the bank can take it."
What is an EMI?,"EMI stands for Equated Monthly Instalment. It's the fixed amount you pay every month to repay your loan, combining principal and interest."
What is a credit score?,A credit score is a number between 300 and 900 that shows how reliable you are as a borrower. A score above 750 is considered good.
What is CIBIL score?,"CIBIL score is a credit score by TransUnion CIBIL, the most commonly used credit bureau in India. Lenders check it before approving loans."
How can I improve my credit score?,"Pay your EMIs and credit card bills on time, avoid applying for too many loans at once, and keep your credit utilisation below 30%."
What is a default on a loan?,Defaulting means failing to repay a loan as agreed. It damages your credit score and the bank can take legal action or seize your collateral.
What is a repo rate?,"Repo rate is the rate at which RBI lends money to banks. When RBI raises it, banks also raise their lending rates, making loans costlier."
What is reverse repo rate?,Reverse repo rate is the rate at which RBI borrows money from banks. It's used to control excess liquidity in the banking system.
What is the base rate?,The base rate is the minimum rate banks can lend at. It was replaced by MCLR in 2016 to make loan interest rates more transparent.
What is MCLR?,MCLR is Marginal Cost of Funds based Lending Rate — the minimum interest rate below which a bank cannot lend. It adjusts monthly.
What is simple interest?,"Simple interest is calculated only on the original amount. For example, 10% simple interest on ₹10,000 gives ₹1,000 per year."
What is compound interest?,Compound interest is calculated on the original amount plus previously earned interest. Your money grows faster with compounding.
What is a loan tenure?,Loan tenure is the total time you have to repay the loan. Longer tenures mean smaller EMIs but more total interest paid.
What is a loan sanction letter?,"A loan sanction letter is an official document from the bank confirming your loan is approved, with details of the amount, interest rate, and repayment terms."
What is a loan disbursement?,Loan disbursement is when the bank actually transfers the approved loan money to your account or directly to the seller (in case of home or car loans).
What is a loan statement?,"A loan statement shows your outstanding principal, interest paid, EMIs paid so far, and the remaining schedule of payments."
What is loan foreclosure?,Foreclosure means paying off your entire remaining loan balance before the tenure ends. Most banks allow this with minimal or no penalty for floating rate loans.
What is a prepayment penalty?,Some banks charge a fee if you repay your loan early. RBI has banned foreclosure charges on floating rate home and personal loans for individual borrowers.
What is a secured loan?,"A secured loan requires collateral. If you don't repay, the lender takes your pledged asset. Examples: home loan, car loan, gold loan."
What is an unsecured loan?,"An unsecured loan doesn't need collateral. It's based on your credit score and income. Examples: personal loan, credit card loan."
What is a top-up loan?,A top-up loan is an additional loan on top of your existing home loan. It's useful for renovation or emergencies and comes at a similar low interest rate.
What is a loan against property?,You mortgage your residential or commercial property to the bank and get a large loan. The property is returned to you once the loan is repaid.
What is a loan against FD?,You can borrow up to 90% of your FD value by pledging it as collateral. The interest rate is usually 1–2% above the FD rate.
What is a moratorium period?,"A moratorium is a temporary pause on loan repayment allowed by the bank. During this time, EMIs are paused but interest keeps accumulating."
What is an amortisation schedule?,"An amortisation schedule is a table showing how each EMI is split between principal and interest, and the outstanding balance after each payment."
What is the impact of credit score on loan?,"A higher credit score helps you get a loan approved faster, at a lower interest rate, and with better repayment terms. A low score may result in rejection."
What is a loan EMI calculator?,"An EMI calculator is an online tool where you enter loan amount, interest rate, and tenure to instantly calculate your monthly payment."
What is floating rate of interest?,A floating rate changes with market conditions (like MCLR or repo rate). Your EMI or tenure can change when interest rates go up or down.
What is a fixed rate of interest?,"A fixed interest rate stays the same throughout the loan tenure, making your EMI predictable and unaffected by market fluctuations."
What is a loan restructuring?,Loan restructuring is when the bank changes the terms of your loan — like extending tenure or reducing interest rate — to help you if you're struggling to repay.
What is a Kisan Credit Card?,"Kisan Credit Card is a scheme giving farmers easy access to affordable short-term credit for cultivation, post-harvest needs, and maintenance of farm assets."
What is a MUDRA loan?,"MUDRA loans under Pradhan Mantri MUDRA Yojana give loans up to ₹10 lakh to small businesses without collateral. Categories: Shishu, Kishor, and Tarun."
What is a microfinance loan?,Microfinance loans are tiny loans given to low-income individuals or groups (especially women in rural areas) who can't access regular bank credit.
What is a Subvention scheme on home loan?,"Under a subvention scheme, the builder pays the home loan interest during construction. The buyer starts paying EMI only after possession."
What is a home loan balance transfer?,Transferring your home loan to another bank offering a lower interest rate is called a balance transfer. It can save you a significant amount over the loan tenure.
What is loan processing fee?,A processing fee is a one-time charge by the bank for evaluating and approving your loan application. It's usually 0.5–2% of the loan amount.
What is a guarantor?,A guarantor is a person who promises to repay the loan if the primary borrower fails to do so. Banks sometimes require a guarantor for unsecured or large loans.
What is credit utilisation ratio?,It's the percentage of your credit card or loan limit that you're currently using. Keeping it below 30% helps maintain a healthy credit score.
What is a loan default notice?,"If you miss several EMIs, the bank sends a legal notice warning you to clear dues. Ignoring it can lead to recovery action or asset seizure."
What is an NPA?,"NPA is Non-Performing Asset. If a loan's interest or principal hasn't been paid for 90 days, it becomes an NPA and the bank has to make a provision for it."
What is SARFAESI Act?,"The SARFAESI Act allows banks to take over and sell a defaulter's secured assets without going to court, to recover outstanding loan amounts."
What is a debt consolidation loan?,"A debt consolidation loan combines multiple loans or debts into one single loan with a lower interest rate, making repayment simpler."
What is a loan against mutual funds?,You can pledge your mutual fund units as collateral and get an overdraft or loan against them. You don't need to sell your investments.
What is a working capital loan?,"A working capital loan helps businesses cover day-to-day operating costs like salaries, inventory, and utility bills when cash flow is low."
What is a term loan?,"A term loan is a lump sum borrowed for a fixed period, repaid in regular instalments. Used for business expansion, equipment purchase, or personal needs."
What is a cash credit facility?,"Cash credit is a short-term credit facility where a business can withdraw money up to a sanctioned limit as needed, paying interest only on what's used."
What is a bill discounting?,"Bill discounting is when a bank pays you the value of a trade invoice before its due date (minus a discount fee), improving your business cash flow."
What is hypothecation?,Hypothecation is pledging a movable asset (like a car or stocks) as security for a loan without transferring ownership to the lender.
What is a pledge vs mortgage?,"A pledge is for movable assets (gold, shares) given to the lender. A mortgage is for immovable property (land, house) where ownership stays with you."
What is a lien on account?,A lien is a hold placed by the bank on your account or asset to secure repayment of a loan. You can't freely use the linked funds until the lien is lifted.
What is a balloon payment?,A balloon payment is a large lump sum paid at the end of a loan tenure after smaller regular payments. Common in some vehicle and business loans.
What is a step-up EMI?,A step-up EMI plan starts with lower EMIs that gradually increase over time — helpful for young professionals whose income is expected to grow.
What is a step-down EMI?,Step-down EMIs start higher and decrease over time — suitable for borrowers who expect income to reduce in future years.
What is a home loan tax benefit?,Home loan borrowers can claim deduction of up to ₹2 lakh per year on interest under Section 24(b) and ₹1.5 lakh on principal under Section 80C.
What is education loan interest deduction?,Interest paid on education loans is fully deductible under Section 80E of the Income Tax Act for up to 8 years after the loan repayment starts.
What is a co-applicant in a home loan?,"Adding a co-applicant like a spouse increases combined income, improving eligibility and sometimes getting a better interest rate. Both share repayment responsibility."
What is LTV ratio in home loans?,LTV is Loan-to-Value ratio — the percentage of the property value the bank will fund. RBI mandates that banks lend no more than 75–90% of property value.
What is a bridge loan?,"A bridge loan is a short-term loan to bridge a funding gap — for example, when you're selling one house and buying another at the same time."
What is a loan EMI bounce?,An EMI bounce happens when your bank account doesn't have enough funds to pay the EMI on the due date. The bank charges a bounce fee and it affects your credit score.
What is a personal loan eligibility?,"Personal loan eligibility depends on your income, employment type, credit score, age, and existing EMI obligations. Most banks require a minimum salary of ₹15,000–₹25,000."
What is a loan against shares?,You can pledge your stock market holdings as collateral and get an overdraft facility from the bank. The limit is usually 50–70% of share market value.
What is an emergency loan?,"An emergency loan or instant personal loan is a quick, short-tenure loan disbursed in hours or minutes through a mobile app, meant for urgent cash needs."
What is a revolving credit facility?,"A revolving credit facility lets you borrow, repay, and borrow again up to a set limit — like a credit card or overdraft account. You only pay interest on what you use."
What is a substandard asset?,A substandard asset is a loan that has remained an NPA for less than or equal to 12 months. Banks need to set aside provisions for these.
What is a doubtful asset?,A doubtful asset is a loan that has been NPA for more than 12 months. Recovery becomes uncertain and banks have to provision heavily.
What is a loss asset?,A loss asset is a loan where the bank has accepted that recovery is almost impossible. The entire loan amount must be written off or provisioned.
What is a written-off loan?,"When a bank gives up on recovering a loan, it removes it from its books as a loss. But the bank can still legally pursue the borrower for repayment."
What is a credit bureau?,"A credit bureau collects credit history from banks and issues credit scores. In India, the four main credit bureaus are CIBIL, Experian, Equifax, and CRIF High Mark."
What is a credit report?,"A credit report is a detailed record of all your past and current loans, credit cards, repayment history, and outstanding amounts, compiled by a credit bureau."
What is a hard enquiry on credit?,A hard enquiry happens when a bank pulls your credit report to evaluate a loan or credit card application. Too many in a short period can lower your credit score.
What is a soft enquiry on credit?,A soft enquiry is when you or a company checks your credit score for informational purposes. It doesn't affect your credit score.
What is an auto loan?,An auto loan or vehicle loan is taken to purchase a two-wheeler or four-wheeler. The vehicle itself is hypothecated to the bank until the loan is fully repaid.
What is a tractor loan?,"A tractor loan is a specialized agricultural vehicle loan given to farmers at concessional interest rates, often subsidized by the government."
What is a housing finance company?,A housing finance company (HFC) like LIC Housing Finance or HDFC Ltd specializes in home loans. They are regulated by NHB (National Housing Bank).
What is a microfinance institution?,"An MFI provides small loans to low-income borrowers, especially women in rural areas, without requiring collateral. They operate through joint liability groups."
What is a joint liability group?,"A joint liability group is 4–10 individuals who borrow collectively and are jointly responsible for repaying the loan. If one defaults, others are liable."
What is the subvention scheme for home loans?,"In a subvention scheme, the developer pays the loan interest during construction. The buyer's full EMI starts only when the property is handed over."
What is a secured overdraft?,"A secured overdraft gives you a credit line by pledging FD, property, or shares as collateral. Interest is charged only on the amount withdrawn."
What is an unsecured overdraft?,"An unsecured overdraft gives you a credit line based on your income and credit score, without pledging any asset. It usually has a higher interest rate."
What is a loan NOC?,An NOC (No Objection Certificate) is issued by the bank after you repay your loan fully. It confirms the debt is cleared and releases any lien on your asset.
What is a loan hypothecation removal?,"After repaying a vehicle or asset loan, you apply to remove the hypothecation from the RC (Registration Certificate). The bank issues NOC to complete this process."
What is an EMI holiday?,"An EMI holiday is a break from paying instalments, allowed by some banks at the beginning of a loan. Interest continues to accumulate during this period."
What is a study abroad education loan?,Banks give education loans for studying abroad at higher amounts (up to ₹1.5 crore) with collateral. The RBI and government offer some interest subsidy schemes.
What is PM SVANidhi scheme?,"PM SVANidhi provides collateral-free working capital loans to street vendors: ₹10,000 initially, scaling up to ₹50,000 upon timely repayment."
What is a home equity loan?,A home equity loan lets you borrow against the equity (market value minus outstanding loan) in your property for a one-time lump sum.
What is peer-to-peer lending?,"P2P lending is an online platform where individuals lend money directly to other individuals or businesses, bypassing banks. Regulated by RBI in India."
What is digital lending?,"Digital lending is applying for and receiving a loan entirely online through a bank or fintech app, often getting approval and disbursal within minutes."
What is credit risk?,"Credit risk is the risk that a borrower will not repay their loan as promised. Banks assess this using credit scores, income proof, and collateral."
What is an interest rate reset?,"For floating rate loans, the interest rate resets periodically (monthly or annually) based on the benchmark like MCLR or repo rate at that time."
What is a standing instruction for EMI?,"A standing instruction authorizes your bank to automatically debit the EMI amount from your account every month on the due date, so you never miss a payment."
What is a loan restructuring under RBI guidelines?,"RBI sometimes allows banks to restructure loans during national crises (like COVID-19) by extending tenure, reducing rates, or converting unpaid interest to a new loan."
What is a bank statement?,"A bank statement is a monthly record of all transactions in your account — deposits, withdrawals, fees, and interest — for a specific time period."
What is ledger balance?,"Ledger balance is the total amount in your account at the start of the day, including any recent transactions that have been processed and settled."
What is available balance?,Available balance is the money you can actually spend right now. It may be lower than the ledger balance if some transactions are still pending.
What is a bank teller?,"A bank teller is the staff member at the bank counter who handles cash deposits, withdrawals, and other basic customer requests."
What is a branch manager?,"The branch manager is in charge of the entire branch — managing staff, approving certain loans, ensuring good customer service, and meeting business targets."
What is KYC verification?,"KYC verification is how the bank confirms your identity and address using documents like Aadhaar, PAN card, or passport to prevent fraud."
What is account freezing?,"Account freezing is a temporary block on your account — no withdrawals or transfers — usually due to fraud suspicion, court orders, or KYC non-compliance."
What is a stop payment request?,A stop payment is an instruction to the bank to not honour a cheque you already issued. It must be placed before the cheque is presented for clearing.
What is a cash deposit machine?,"A CDM is a self-service machine at the bank where you can deposit cash into your account without needing a teller, even outside banking hours."
What is a SWIFT code?,A SWIFT code is a unique international bank identifier used for cross-border fund transfers. It's like an IFSC code but for international transactions.
What is AML?,AML stands for Anti-Money Laundering. It's a set of rules and checks that banks follow to prevent criminals from disguising dirty money as legitimate funds.
What is a bank audit?,A bank audit is a detailed check of the bank's financial records by external auditors or RBI to ensure compliance and accuracy.
What is bank reconciliation?,Bank reconciliation is when a business compares its own records with the bank statement to make sure every transaction matches and there are no errors.
What is a suspicious transaction report?,"If a bank spots an unusual or potentially illegal transaction, it files a Suspicious Transaction Report (STR) with the Financial Intelligence Unit (FIU-IND)."
What is a cash transaction report?,"Banks must report all cash transactions above ₹10 lakh in a month or single transactions above ₹50,000 to the FIU-IND to prevent money laundering."
What is a locker access procedure?,"To access your bank locker, you visit the branch, sign the locker access register, and use your key along with the bank's master key to open it."
What is the role of RBI?,"RBI is India's central bank. It controls the money supply, regulates banks, manages the currency, and maintains financial stability in the country."
What is a bank holiday?,A bank holiday is a day when bank branches are closed — due to a national or local festival. But digital banking and ATMs usually work normally.
What is a clearing house?,"A clearing house is a facility where banks settle transactions among themselves. In India, NPCI and RBI operate clearing systems for cheques and digital payments."
What is cash reserve ratio (CRR)?,CRR is the percentage of a bank's deposits that must be kept with RBI as cash reserve. It controls how much money banks can lend out.
What is statutory liquidity ratio (SLR)?,"SLR is the minimum percentage of deposits banks must hold in liquid assets like government bonds, gold, or approved securities."
What is the difference between CRR and SLR?,CRR is kept as cash with RBI; SLR is kept as liquid assets like bonds by the bank itself. Both are tools to control credit availability in the economy.
What is a bank's capital adequacy ratio?,Capital Adequacy Ratio (CAR) ensures banks hold enough capital to cover risks. RBI requires Indian banks to maintain a minimum CAR of 9%.
What is BASEL norms?,"Basel norms are international banking regulations (Basel I, II, III) that set minimum capital requirements, risk management standards, and disclosure rules for banks."
What is financial fraud in banking?,"Financial fraud includes activities like identity theft, cheque fraud, phishing, loan fraud, and insider theft aimed at stealing money from banks or customers."
What is the Ombudsman for banking?,The RBI Integrated Ombudsman handles customer complaints against banks and financial institutions. You can file a complaint online if the bank doesn't resolve your issue in 30 days.
How do I file a banking complaint?,"First complain to the bank. If it's not resolved within 30 days, file a complaint at the RBI Integrated Ombudsman portal (cms.rbi.org.in) for free."
What is FEMA?,"FEMA is the Foreign Exchange Management Act. It governs all foreign exchange transactions in India, including NRI accounts, imports, exports, and foreign investments."
What is PMLA?,PMLA is the Prevention of Money Laundering Act. It requires banks to monitor and report suspicious transactions and carry out due diligence on high-risk customers.
What is a bank's know-your-customer policy?,"A KYC policy ensures that banks verify who their customers are using identity and address proofs, both at account opening and periodically thereafter."
What is CERSAI?,CERSAI is a central registry where banks record mortgage details on properties. It prevents fraudsters from getting loans from multiple banks using the same property.
What is internal audit in a bank?,"Internal audit is an in-house review of a bank's processes, financial records, and compliance to identify risk areas and ensure correct procedures are followed."
What is a bank's risk management?,"Risk management in banking involves identifying, measuring, and controlling risks — credit risk, market risk, operational risk, and liquidity risk — to protect the bank."
What is a systemic risk?,"Systemic risk is the risk that the failure of one large bank can trigger a chain reaction, causing other banks and the entire financial system to collapse."
What is a run on the bank?,"A bank run happens when a large number of customers withdraw their money simultaneously out of panic, fearing the bank may fail."
What is moral hazard in banking?,Moral hazard is when banks take on excessive risk knowing they'll be bailed out by the government. Deposit insurance can sometimes contribute to this.
What is a debit freeze on account?,A debit freeze stops all outgoing transactions from your account while allowing incoming credits. It's applied during fraud investigation or court orders.
What is signature verification in banking?,Banks verify your signature on cheques and forms against the sample stored at account opening. A mismatch can lead to the transaction being rejected.
What is a current liability in banking?,"A current liability includes short-term obligations the bank must pay within one year — like short-term deposits, interbank borrowings, and accounts payable."
What is a non-performing loan?,A non-performing loan is a loan where the borrower hasn't made interest or principal payments for at least 90 days. It's a problem asset for the bank.
What is provisioning for NPAs?,"Provisioning means banks set aside a portion of their profit as a buffer to cover potential losses from NPAs, based on how bad (substandard, doubtful, loss) the asset is."
What is a Fiat currency?,Fiat currency is money issued by the government that is not backed by gold or any physical commodity. Its value is based on trust in the government.
What is a banking licence?,A banking licence is issued by RBI to an entity allowing it to legally carry out banking activities like accepting deposits and providing loans.
What is a scheduled bank?,"A scheduled bank is a bank listed in the Second Schedule of the RBI Act, 1934. It must follow RBI's regulations, maintain CRR, and is eligible for RBI credit."
What is a non-scheduled bank?,Non-scheduled banks are not listed in RBI's schedule. They operate under state laws and are typically small co-operative banks serving local communities.
What is a foreign bank in India?,"A foreign bank is a bank incorporated outside India but operating through branches in India. Examples: Citibank, Standard Chartered, HSBC, Deutsche Bank."
What is a public sector bank?,"A public sector bank is majority-owned by the government. Examples include SBI, Punjab National Bank, Bank of Baroda. The government controls more than 50% stake."
What is a private sector bank?,"A private sector bank is majority-owned by private shareholders. Examples include HDFC Bank, ICICI Bank, Axis Bank, Kotak Mahindra Bank."
What is the RBI's monetary policy committee?,The MPC is a six-member committee that meets every two months to decide on the repo rate and manage inflation by adjusting monetary policy.
What is the inflation target of RBI?,"RBI targets a 4% retail inflation rate (CPI) with a tolerance band of +/- 2%, i.e., between 2% and 6%, as mandated by the government."
What is consumer price index?,"CPI measures how much a basket of common goods and services (food, clothing, housing, transport) costs compared to a base year. It's used to track retail inflation."
What is wholesale price index?,"WPI tracks the average price change of goods at the wholesale level. It covers manufacturing and mining but not services, and was the main inflation benchmark before CPI."
What is financial inclusion?,"Financial inclusion means giving all people — especially the poor and rural — access to affordable financial services like bank accounts, loans, insurance, and payments."
What is the RBI's open market operations?,OMO is when RBI buys or sells government securities in the open market to inject or absorb liquidity and manage interest rates in the banking system.
What is sterilization in banking?,Sterilization is when RBI conducts OMOs to neutralize the effect of forex inflows or outflows on domestic money supply and inflation.
What is a master circular from RBI?,"RBI issues master circulars consolidating all guidelines on specific topics (like loans, KYC, interest rates) for banks to follow. They are updated annually."
What is a bank's priority sector lending?,"RBI mandates banks to lend at least 40% of their loans to priority sectors like agriculture, micro enterprises, and weaker sections of society."
What is the SARFAESI Act?,"SARFAESI Act empowers banks to recover NPAs by directly taking possession of and selling secured assets without a court order, speeding up recovery."
What is the DRT?,Debt Recovery Tribunal (DRT) handles cases where banks want to recover loans above ₹20 lakh through a faster legal process than regular civil courts.
What is a consent letter in banking?,"A consent letter is a written permission from the customer authorizing the bank to share their data, access their account, or take specific actions."
What is an encumbrance certificate?,An encumbrance certificate confirms that a property is free from any loan or legal charges. Banks check this before approving a property loan.
What is title search in home loan?,Title search is a legal check done before sanctioning a home loan to confirm the property's ownership history and ensure there are no disputes or claims on it.
What is a property valuation for loan?,Banks hire an approved valuator to estimate the current market value of a property before deciding how much loan (usually 75–80% of value) to sanction.
What is an annual report of a bank?,"An annual report is a yearly document published by a bank showing its financial performance, profit/loss, NPA levels, capital adequacy, and future plans."
What is a bank's balance sheet?,"A bank's balance sheet lists all its assets (loans, investments) and liabilities (deposits, borrowings) to show its financial health at a point in time."
What is a core banking system?,"Core Banking Solution (CBS) is the central software that connects all bank branches, enabling real-time transactions and account access from any location."
What is SWIFT messaging?,SWIFT messages are secure standardized messages used by banks worldwide to send payment instructions and financial information across borders.
What is a central KYC registry (CKYC)?,CKYC is a central repository managed by CERSAI where a customer's KYC information is stored once and can be used by any regulated entity without re-verification.
What is a bank regulator?,"In India, RBI regulates commercial banks, RBI and SEBI regulate co-operative banks, and IRDAI regulates insurance arms of banks."
What is PCA framework?,Prompt Corrective Action (PCA) is an RBI framework that restricts weak banks (with high NPAs or low capital) from certain risky activities until they recover.
What is a bank merger?,"A bank merger is when two or more banks combine into one, usually to improve scale, reduce costs, and manage NPAs. Example: 10 public sector banks merged into 4 in 2020."
What is a bank resolution?,"Bank resolution refers to the process of dealing with a failing bank — through sale, merger, or restructuring — to prevent financial system collapse and protect depositors."
What is SEBI's role in banking?,"SEBI regulates the capital market aspects of banking, including bank-issued bonds, shares, and investment banking activities in the securities market."
What is a financial year in banking?,"In India, the financial year runs from April 1 to March 31. Banks publish their annual results and calculate interest, TDS, and depreciation for this period."
What is a cashier's order?,A cashier's order is issued by a bank against its own funds on behalf of a customer. It's like a DD — guaranteed payment and cannot bounce.
What is a safe deposit locker agreement?,"Before renting a locker, you sign an agreement with the bank stating the terms of use, fee, liability, and access rules."
What is the RBI Lokpal?,RBI Ombudsman (formerly RBI Lokpal) is a free dispute resolution authority for customers who have unresolved complaints against banks or NBFCs.
What is an alert transaction?,"An alert transaction is any transaction that triggers a fraud monitoring alert — like a large unusual transfer, login from a new device, or late-night withdrawal."
What is two-person integrity in banking?,"Two-person integrity means critical bank operations require authorisation from two separate officials, preventing any single person from committing fraud alone."
What is a correspondent bank?,"A correspondent bank provides services on behalf of another bank in a different country, enabling cross-border payments and foreign currency transactions."
What is an interbank settlement?,Interbank settlement is when banks transfer funds among themselves to settle transactions made by their customers. Done through RBI's systems like RTGS and NEFT.
What is a payment system?,"A payment system is the infrastructure (hardware, software, networks, rules) used to transfer money between individuals and institutions — like NEFT, UPI, SWIFT."
What is a banking licence cancellation?,"RBI can cancel a bank's licence if it fails to meet capital requirements, engages in fraud, or is unable to repay depositors, effectively shutting down operations."
What is a ring-fencing of bank assets?,"Ring-fencing protects a bank's core retail deposits and operations from risks taken by its investment banking arm, ensuring retail customers aren't harmed."
What is a bank's profitability ratio?,"Key ratios include Net Interest Margin (NIM), Return on Assets (ROA), and Return on Equity (ROE), used to judge how efficiently a bank is generating profit."
What is net interest margin?,"NIM is the difference between interest income earned on loans and interest paid on deposits, expressed as a percentage of earning assets. It shows a bank's core profitability."
What is return on assets for banks?,ROA measures how much profit a bank earns per rupee of assets. A higher ROA means the bank is more efficient in using its assets to generate profit.
What is the difference between retail and wholesale banking?,"Retail banking serves individual customers with savings accounts, personal loans, and credit cards. Wholesale banking serves large corporations with complex financial products."
What is treasury operations in a bank?,"Treasury manages a bank's investments, liquidity, forex operations, and compliance with CRR/SLR requirements to maximize returns on the bank's own funds."
What is asset quality review in banks?,"An AQR is conducted by RBI to assess the true quality of a bank's loan portfolio, identify hidden NPAs, and ensure correct provisioning."
What is a digital branch?,"A digital branch is a virtual banking outlet that offers all services — account opening, loans, FDs, complaints — through video, chat, and digital forms without physical premises."
What is a white-label ATM?,A white-label ATM is operated by a non-bank entity (like Tata Communications or Muthoot Finance) licensed by RBI. All bank cards can be used at these ATMs.
What is a bank's customer service charter?,"It's a public commitment by the bank listing the service standards, turnaround times, and customer rights it promises to uphold."
What is a financial crime?,"Financial crime includes fraud, money laundering, tax evasion, identity theft, and cybercrime that results in financial loss to banks or customers."
What is a forged signature?,A forged signature on a cheque or bank form is a criminal offence. Banks can refuse to process the transaction and report it to the police.
What is an indemnity bond in banking?,An indemnity bond is a legal undertaking by the customer to protect the bank from any future claim or loss — required when issuing duplicate statements or cheque books.
What is a bank's stress test?,A stress test simulates extreme economic conditions (like a financial crash) to see if a bank has enough capital to survive without failing.
What is a credit concentration risk?,"Credit concentration risk arises when a bank lends too much to one sector, borrower, or region. If that sector fails, the bank faces huge losses."
What is liquidity coverage ratio?,"LCR requires banks to hold enough high-quality liquid assets to cover 30 days of cash outflow under a stressed scenario, ensuring they can survive a short-term crisis."
What is a bank's contingency plan?,"A contingency plan outlines how a bank will continue operations and protect customers in case of a cyberattack, natural disaster, or financial crisis."
What is inflation?,"Inflation is when prices of everyday goods and services rise over time, reducing how much you can buy with the same amount of money."
What is deflation?,"Deflation is when prices fall over time. While it sounds good, it often signals weak demand and can slow down economic growth."
What is GDP?,GDP is Gross Domestic Product — the total value of all goods and services produced in a country in one year. It measures the size of the economy.
What is a central bank?,"A central bank like RBI manages a country's currency, controls money supply, regulates banks, and sets interest rate policy to keep the economy stable."
What is liquidity?,Liquidity is how quickly and easily an asset can be converted to cash without losing much value. Cash is the most liquid asset.
What is fiscal policy?,Fiscal policy is how the government uses taxes and public spending to influence the economy — like cutting taxes to boost growth or increasing spending.
What is monetary policy?,Monetary policy is how the central bank controls money supply and interest rates to manage inflation and support economic growth.
What is a budget deficit?,A budget deficit happens when the government spends more than it earns through taxes and other revenues. It has to borrow to fill the gap.
What is a mutual fund?,"A mutual fund pools money from many investors and invests it in stocks, bonds, or other securities managed by a professional fund manager."
What is a stock market?,"A stock market is a marketplace where investors buy and sell shares of publicly listed companies. In India, the main exchanges are NSE and BSE."
What is a bond?,"A bond is a debt investment where you lend money to a company or government. In return, you receive regular interest and your principal back at maturity."
What is diversification?,"Diversification means spreading your investments across different assets — stocks, bonds, gold, real estate — to reduce the impact of any single loss."
What is foreign exchange?,Foreign exchange (forex) is the system for converting one country's currency into another. Exchange rates change constantly based on demand and supply.
What is the stock exchange?,A stock exchange is an organized platform where shares and securities are bought and sold. NSE and BSE are India's two main stock exchanges.
What is a share?,"A share represents a small ownership stake in a company. When you buy shares, you become a part-owner and can profit from the company's growth."
What is a dividend?,A dividend is a portion of a company's profits paid out to its shareholders. It rewards investors for holding the company's stock.
What is a bull market?,A bull market is when stock prices are rising and investor confidence is high. It usually comes during strong economic growth.
What is a bear market?,A bear market is when stock prices fall 20% or more from recent highs. It usually happens during economic downturns or recessions.
What is a portfolio?,"A portfolio is your complete collection of investments — stocks, bonds, mutual funds, FDs, real estate — held to meet your financial goals."
What is risk and return?,Risk and return are linked. Higher return investments (like stocks) come with higher risk. Lower risk assets (like FDs) offer lower but stable returns.
What is a financial year?,"In India, the financial year runs from April 1 to March 31. Taxes, bank interest, and company results are calculated for this period."
What is income tax?,Income tax is a direct tax paid to the government based on your annual income. The rate depends on your income slab under the new or old tax regime.
What is GST?,GST is Goods and Services Tax — a single indirect tax that replaced many older taxes. It is charged on the sale of goods and services across India.
What is TDS?,"TDS is Tax Deducted at Source. The payer deducts tax before making a payment — for interest, salary, rent — and deposits it with the government."
What is a direct tax?,A direct tax is paid directly by the person or entity on whom it is levied. Examples include income tax and corporate tax.
What is an indirect tax?,An indirect tax is collected by an intermediary (like a seller) from the consumer and paid to the government. GST is the main indirect tax in India.
What is capital gains tax?,Capital gains tax is charged on profit made from selling an asset like shares or property. Short-term and long-term gains are taxed at different rates.
What is a demat account?,"A demat account stores your shares and securities electronically, the way a bank account stores money. It's mandatory for trading in the stock market."
What is a trading account?,A trading account is used to place buy and sell orders in the stock market. It works alongside a demat account.
What is NSE and BSE?,NSE (National Stock Exchange) and BSE (Bombay Stock Exchange) are India's two main stock exchanges where shares are bought and sold.
What is SEBI?,"SEBI is Securities and Exchange Board of India. It regulates the stock market, protects investors, and ensures fair trading practices."
What is Sensex?,Sensex is BSE's benchmark index tracking 30 large and actively traded Indian companies. A rising Sensex generally indicates a growing economy.
What is Nifty 50?,Nifty 50 is NSE's benchmark index tracking 50 large-cap Indian companies across sectors. It's widely used to gauge the health of the Indian stock market.
What is a systematic investment plan (SIP)?,SIP lets you invest a fixed amount in a mutual fund every month. It averages out market fluctuations and builds wealth over time through compounding.
What is NAV of a mutual fund?,NAV is Net Asset Value — the price per unit of a mutual fund. It's calculated daily based on the current market value of the fund's investments.
What is ELSS?,ELSS is Equity Linked Savings Scheme — a tax-saving mutual fund with a 3-year lock-in. Investments up to ₹1.5 lakh qualify for Section 80C deduction.
What is a debt fund?,"A debt fund invests in bonds, government securities, and money market instruments. It's less risky than equity funds and offers more stable returns."
What is an equity fund?,An equity fund invests mainly in stocks. It offers higher potential returns but comes with more volatility and risk.
What is a hybrid fund?,"A hybrid fund invests in both equity and debt. It balances growth and stability, making it suitable for moderate risk-takers."
What is gold as an investment?,"Gold is a traditional safe-haven asset in India. You can invest in physical gold, gold ETFs, or Sovereign Gold Bonds, which also pay annual interest."
What is real estate investment?,"Real estate investing means buying property — residential, commercial, or land — with the expectation of rental income or capital appreciation."
What is a Sovereign Gold Bond?,Sovereign Gold Bonds are government-issued bonds where the value is tied to gold prices. You also earn 2.5% annual interest and capital gains are tax-free at maturity.
What is an IPO?,An IPO (Initial Public Offering) is when a company sells shares to the public for the first time to raise capital. You can apply through your bank account via ASBA.
What is ASBA?,ASBA (Application Supported by Blocked Amount) blocks the IPO application amount in your bank account and only deducts it if shares are allotted to you.
What is net worth?,Net worth is the total value of everything you own (assets) minus everything you owe (liabilities). It's a measure of your overall financial health.
What is financial planning?,"Financial planning is the process of setting financial goals and creating a roadmap — through saving, investing, insuring, and budgeting — to achieve them."
What is insurance?,"Insurance is a contract where you pay a premium and the insurer pays a large sum to cover financial losses from events like illness, accident, or death."
What is term insurance?,Term insurance is pure life insurance that pays a lump sum to your family if you die during the policy term. It has no maturity benefit and offers maximum cover at low cost.
What is a health insurance plan?,"Health insurance covers medical expenses for hospitalization, surgery, and illness. It protects you from huge medical bills that can drain your savings."
What is asset allocation?,"Asset allocation is dividing your investment money among different asset types (equity, debt, gold, real estate) based on your risk appetite and financial goals."
What is compounding?,"Compounding is earning returns on both your original investment and the returns already earned. Over time, it dramatically increases wealth — which is why starting early matters."
What is inflation's impact on savings?,"Inflation erodes the purchasing power of your savings. If inflation is 6% and your FD earns 6%, your real return is zero. You need returns that beat inflation."
What is liquidity risk?,Liquidity risk is when you can't access your money quickly enough — like having all savings in a long-term FD when an emergency hits.
What is an emergency fund?,"An emergency fund is 3–6 months of expenses kept in a liquid savings account or liquid mutual fund to handle job loss, medical bills, or urgent repairs."
What is a budget?,"A budget is a plan showing how you'll earn and spend money over a period. The 50-30-20 rule suggests spending 50% on needs, 30% on wants, and saving 20%."
What is net banking security?,"Net banking uses 256-bit encryption, OTP verification, session timeouts, and fraud monitoring to keep your online banking secure."
What is foreign direct investment?,FDI is when a company or individual from one country invests directly in a business in another country by setting up operations or buying a major stake.
What is foreign portfolio investment?,"FPI is investment in a country's financial markets (stocks, bonds) by foreign investors, without direct control over the companies."
What is forex reserves?,"Forex reserves are foreign currency assets held by RBI (mainly US dollars, gold, and SDRs). They protect the rupee and cover import payments."
What is balance of payments?,"Balance of payments is a record of all financial transactions between India and the rest of the world — trade, services, investments, and transfers."
What is a current account deficit?,"A current account deficit means India imports more goods and services than it exports, paying more to the world than it earns."
What is purchasing power parity?,PPP is a theory that exchange rates should adjust so identical goods cost the same in every country when priced in a common currency.
What is a wealth manager?,"A wealth manager provides personalized investment, tax, estate planning, and financial advice to high-net-worth individuals."
What is estate planning?,"Estate planning involves deciding how your assets will be distributed after your death — through a will, trusts, nominations, and insurance."
What is a will?,"A will is a legal document stating how you want your assets distributed after death. Without a will, property is divided according to succession law."
What is the cost of living?,"Cost of living is the amount of money needed to cover basic expenses — food, housing, transport, healthcare — in a particular city or region."
What is a credit rating agency?,"Credit rating agencies like CRISIL, ICRA, and CARE evaluate the creditworthiness of companies and governments issuing bonds, rating them from AAA (best) to D (default)."
What is a AAA rated bond?,A AAA rated bond is considered the safest investment with the lowest risk of default. These are usually issued by the government or top-rated companies.
What is an index fund?,"An index fund tracks a market index like Nifty 50 or Sensex, investing in the same stocks in the same proportion. Low cost and good for long-term investors."
What is an ETF?,"An ETF (Exchange Traded Fund) is like a mutual fund but traded on the stock exchange like a share. It tracks an index, commodity, or sector."
What is rupee depreciation?,Rupee depreciation means the rupee's value falls against foreign currencies like the US dollar. It makes imports costlier and can increase inflation.
What is rupee appreciation?,Rupee appreciation means the rupee's value rises against other currencies. It makes imports cheaper and foreign travel more affordable.
What is an economic recession?,"A recession is when the economy contracts — GDP falls for two consecutive quarters. Unemployment rises, businesses slow down, and consumer spending drops."
What is economic growth?,"Economic growth is measured by the percentage rise in GDP. A growing economy means more jobs, higher incomes, and better living standards."
What is stagflation?,"Stagflation is a rare economic situation with high inflation, slow growth, and high unemployment happening at the same time — very difficult to manage."
What is a credit default swap?,"A CDS is a financial contract where the buyer pays a fee to the seller, who promises to compensate if a borrower defaults on a loan or bond."
What is Basel III in banking?,"Basel III introduced stricter capital requirements, leverage ratios, and liquidity standards for banks worldwide after the 2008 global financial crisis."
What is the money multiplier?,"The money multiplier shows how much money banks can create from a base amount through lending. If CRR is 4%, the multiplier is 25x."
What is a financial bubble?,"A financial bubble is when asset prices rise far above their real value due to speculation. When confidence collapses, prices crash rapidly — like the dot-com or housing bubble."
What is the repo rate effect on loans?,"When RBI raises the repo rate, banks borrow at higher cost, so they raise lending rates. This makes home loans and personal loans costlier for customers."
What is repo rate effect on FDs?,"When RBI raises the repo rate, banks also tend to raise FD rates to attract deposits and fund their costlier lending, giving savers better returns."
What is a foreign exchange rate?,A foreign exchange rate is the price at which one currency can be exchanged for another — like ₹84 per US dollar. It changes constantly with market forces.
What is core inflation?,"Core inflation excludes food and fuel prices (which are volatile) to give a clearer picture of the underlying, persistent inflation trend in the economy."
What is the fiscal deficit?,Fiscal deficit is the difference between what the government spends and what it earns (excluding borrowed money). It must borrow to finance this gap.
What is public debt?,"Public debt is the total amount the government has borrowed over the years from domestic and foreign sources, to be repaid with interest in the future."
What is crowd-funding?,"Crowdfunding raises small amounts of money from a large number of people, usually via online platforms, to fund a startup, project, or social cause."
What is a fintech company?,"A fintech (financial technology) company uses technology to provide financial services — like digital lending, insurance, investing, or payments — faster and cheaper than traditional banks."
What is the Pradhan Mantri Awas Yojana?,"PMAY is a government scheme giving interest subsidies on home loans for economically weaker sections (EWS), low-income groups (LIG), and middle-income groups (MIG) to promote affordable housing."
What is the National Pension System?,"NPS is a voluntary, long-term retirement savings scheme regulated by PFRDA. You contribute during your working life and receive a pension after retirement. Contributions are tax-deductible."
What is the Employee Provident Fund?,EPF is a retirement savings scheme where both employee and employer contribute 12% of basic salary each month. The corpus earns 8.15% annual interest and is tax-free at maturity.
What is a dividend yield?,Dividend yield is the annual dividend paid by a company as a percentage of its share price. A higher yield means better income for investors relative to price.
What is a P/E ratio?,Price-to-Earnings ratio is the share price divided by earnings per share. A high P/E may mean the stock is expensive; a low P/E may signal undervaluation.
What is a rights issue?,A rights issue is when a company offers existing shareholders the right to buy additional shares at a discounted price to raise more capital.
What is a bonus share?,A bonus share is a free extra share issued by a company to existing shareholders from its reserves. The total value stays the same but the share price adjusts.
What is a stock split?,A stock split divides existing shares into more shares of lower face value. It makes the stock more affordable for small investors without changing total market value.
How do I check my bank balance?,"You can check your balance through your mobile banking app, net banking, ATM, SMS banking, or by calling your bank's helpline."
How do I transfer money to another bank?,"Use NEFT, RTGS, or IMPS through your mobile banking app or net banking. Just enter the recipient's account number, IFSC code, and the amount."
How do I block my debit card?,"Call your bank's 24x7 helpline, use the mobile banking app, or send an SMS as instructed by your bank. Your card will be blocked instantly."
How do I reset my net banking password?,"Click 'Forgot Password' on the net banking login page. Verify using your OTP, account number, or debit card details to set a new password."
How do I update my mobile number in the bank?,Visit your branch with a valid ID proof and fill a mobile number update form. Some banks also allow this online through net banking.
How do I request a new cheque book?,"Request online through mobile banking or net banking. Alternatively, submit a cheque book requisition slip at your bank branch."
How do I activate my debit card?,Use the card at an ATM with your PIN or do a transaction at a POS terminal. Some banks require you to call the helpline for the first activation.
How long does a NEFT transfer take?,"NEFT runs 24x7 in 30-minute batch cycles. Your transfer will be credited in the next batch, usually within 30 minutes."
What should I do if an ATM transaction fails but money is deducted?,"Your money should be auto-refunded within 5 business days. If not, raise a complaint with your bank's helpline or internet banking."
What is the process to close a bank account?,"Visit the branch with your passbook, debit card, and ID proof. Submit a closure request, withdraw your balance, and return all issued instruments."
How do I get a duplicate passbook?,Visit your branch and submit a request along with an indemnity bond. A small fee may be charged for issuing a duplicate passbook.
How do I add a nominee to my account?,Fill a nomination form at the bank branch or use the online nomination update facility available in net banking or the mobile app.
How can I get my bank statement?,Download it instantly from your net banking or mobile banking app. You can also request a physical statement at the branch for a fee.
How do I report fraud in my account?,"Call your bank's 24x7 helpline immediately, block your cards, and file a written complaint at the branch. Also report to cybercrime.gov.in."
How do I raise a complaint against my bank?,"First contact your bank. If not resolved in 30 days, file a complaint with the RBI Integrated Ombudsman online at cms.rbi.org.in — it's free."
What is the turnaround time for resolving a banking complaint?,"Banks must resolve complaints within 30 days. For RBI Ombudsman cases, the target resolution time is 30–45 days from receipt of complaint."
Can I open a bank account without Aadhaar?,"Yes. You can use any other valid government-issued ID like passport, voter ID, driving licence, or NREGA job card along with an address proof."
How do I apply for a debit card?,"A debit card is usually issued automatically when you open a savings account. If you haven't received one, request it at the branch or through net banking."
How do I set a PIN for my debit card?,"Use the ATM's 'Set PIN' option, or if the bank supports green PIN, follow the SMS/app-based PIN generation process."
How do I change my ATM PIN?,"Go to any ATM of your bank, select 'PIN Change', enter the old PIN, and then enter and confirm the new PIN."
What is the charge for ATM transactions beyond the free limit?,"After the free limit (5 at own bank ATMs, 3 at other banks in metro), each transaction costs ₹21 per financial transaction as per RBI mandate."
How do I register for mobile banking?,"Download your bank's official app, enter your account details, verify with an OTP on your registered mobile, and set your MPIN."
What is MPIN?,"MPIN is a 4–6 digit code you set to log in or authorize transactions in your bank's mobile app, similar to an ATM PIN."
How do I view my FD details online?,"Log in to your net banking or mobile app and go to the 'Fixed Deposits' or 'Deposits' section to see all active FDs, interest rates, and maturity dates."
Can I pay income tax through net banking?,"Yes. Log in to net banking, go to the tax payment section, fill in your details, and pay TDS or advance tax directly using your account."
How do I link Aadhaar to my bank account?,"You can link Aadhaar online via net banking, at an ATM, by SMS, or by visiting the branch with your Aadhaar. It's now voluntary but may be needed for certain benefits."
How do I open an FD online?,"Log in to mobile banking or net banking, go to 'Open FD', enter the amount, tenure, and preferred payout option, and confirm with an OTP."
What is the compensation if my money is not refunded after a failed transaction?,RBI mandates banks pay ₹100 per day as compensation if the failed transaction amount is not refunded within the specified timeline (usually 5 days).
How do I get a home loan pre-approval?,"Submit income documents, Aadhaar, PAN, employment proof, and bank statements to the bank. They assess your eligibility and issue a pre-approval letter."
How do I check my credit score for free?,"You can check your CIBIL score for free once a year at cibil.com. Many banks and apps like Paytm, BankBazaar, and CRED also offer free credit score checks."
How do I get a No Objection Certificate after loan repayment?,"After clearing your loan, request an NOC from the bank. They'll issue it within a few days, confirming the loan is closed."
What is the process for removing hypothecation from a vehicle?,"Collect the NOC from the bank, then visit the RTO with the NOC, RC, and required forms to update the Registration Certificate and remove the hypothecation entry."
How do I open a PPF account?,"Visit your bank branch or post office with an Aadhaar, PAN, and passport photo, fill the PPF account opening form, and deposit a minimum of ₹500."
How do I pay an EMI early?,"Transfer the outstanding amount to your loan account via net banking. The bank will close the loan and issue an NOC. For home loans on floating rates, no prepayment penalty applies."
How do I dispute a credit card charge?,"Log in to net banking, find the disputed transaction, and raise a dispute. The bank will investigate and initiate a chargeback if the dispute is valid."
What documents are needed for a personal loan?,"You need identity proof (Aadhaar, PAN), address proof, last 3 months' bank statements, latest salary slips, and employment proof."
How do I apply for an education loan?,"Approach the bank with your admission letter, fee structure, co-applicant details, and KYC documents. Some banks process education loans within 15 days."
What is the process for PMJDY account opening?,"Visit any bank branch with Aadhaar and a photo. If Aadhaar has your address, no other document is needed. The account is opened on the spot."
How do I report a lost or stolen credit card?,Call the bank's 24x7 helpline immediately to block the card. You can also block it instantly via the mobile app. A replacement card will be issued within 3–5 days.
How do I activate international usage on my debit card?,Log in to mobile banking and enable international usage under card settings. Some banks require calling the helpline to activate this.
How do I get my bank account number?,"Find it on your passbook, cheque book, bank statement, or by logging in to mobile banking. You can also call the helpline with your registered mobile number."
What is the time limit to claim an unclaimed FD?,"If FD proceeds are unclaimed for 10 years, the money is transferred to the RBI's Depositor Education and Awareness (DEA) Fund. You can still claim it from RBI."
How do I download my bank statement for ITR filing?,"Log in to net banking, go to account statements, select the financial year (April to March), and download as PDF. Most banks offer this for the current and previous 2 years."
How do I register for NACH / standing instructions?,"Fill a NACH mandate form with your account details, sign it, and submit to the bank or service provider (like your insurer or mutual fund)."
What is the process to upgrade my savings account?,Visit the branch or use net banking to request an upgrade to a premium account tier. You may need to maintain a higher balance or pay a fee.
How do I activate e-statement instead of physical statement?,Log in to net banking and go to account preferences. Select 'e-statement' and provide your email address. Physical statements will stop and digital ones will be sent monthly.
How do I get a duplicate FD receipt?,Submit a request at your branch with an indemnity bond. The bank will issue a duplicate FD receipt after verification.
How do I set a UPI transaction limit?,UPI transaction limits are set by RBI and your bank. Individual transaction limits can be adjusted within the RBI maximum in your UPI app settings.
How do I enable net banking?,"Visit your bank's website, register using your account number and debit card details, verify with an OTP, and create a login ID and password."
Can I reopen a closed bank account?,"Generally, a closed account cannot be reopened. You would need to open a fresh account. Some banks may allow reinstatement within a short window after closure."
How do I transfer my home loan to another bank?,"Apply to the new bank with existing loan statements, property papers, and KYC documents. On approval, the new bank repays the old bank and takes over the loan."
What should I do if I receive an unknown credit in my account?,Do not spend the money. Inform your bank immediately. It may be a wrong credit by another customer and the bank will reverse it.
How do I apply for a credit card?,"Apply on the bank's website, through the mobile app, or at the branch. You'll need income proof, PAN, and Aadhaar. Approval depends on income and credit score."
What is the minimum age to get a credit card?,You must be at least 18 years old to get a primary credit card. Some banks require a minimum age of 21.
How do I increase my credit card limit?,"Request a limit increase through net banking, mobile app, or by calling the helpline. The bank reviews your income and repayment history before approving."
How do I avoid credit card interest charges?,Pay the full outstanding bill amount by the due date every month. Paying only the minimum amount will attract interest on the remaining balance.
What is the process for a credit card dispute?,"Log in to net banking, raise a transaction dispute, or call the helpline. The bank investigates and initiates a chargeback to the merchant if the dispute is valid."
How do I cancel a standing instruction?,Log in to net banking and go to 'Manage Mandates' or call the helpline to cancel the standing instruction before the next debit date.
How do I check my loan outstanding balance?,"Log in to mobile banking or net banking and go to the loans section. You'll see outstanding principal, upcoming EMI, and the full repayment schedule."
What is the process to get a home loan top-up?,"Apply to your bank with latest salary slips, property documents, and existing loan statements. Approval depends on your repayment history and current LTV ratio."
How do I get CIBIL report with details?,"Visit cibil.com, register, and pay a fee for a full report. Your bank may also provide it through their app. It shows all loans, repayment history, and hard enquiries."
How do I add a joint holder to my bank account?,Visit the branch with the new joint holder and their KYC documents. Fill a joint account addition form and specify the mode of operation.
How do I change nominee in a bank account?,"Fill a nomination change form at the branch or through the online banking portal, providing the new nominee's name, relationship, and date of birth."
What documents are needed for KYC update?,"Aadhaar card, PAN card, and proof of current address (utility bill, rental agreement). For businesses, a company registration certificate is also needed."
How do I request for duplicate PAN card?,Apply on the NSDL or UTIITSL website with your Aadhaar details and a small fee. The duplicate card is delivered by post within 15 business days.
How do I link PAN to my bank account?,Visit your branch or use net banking. Submit a PAN linking request. PAN linking with bank accounts is needed for TDS computation and financial reporting.
What is the process for PMJJBY insurance renewal?,Your PMJJBY premium (₹436/year) is auto-debited from your savings account on the renewal date. Ensure sufficient balance before May 31 each year.
What is the process to get credit card physical form delivered?,"After credit card approval, the card is sent to your registered mailing address within 5–7 business days. Track dispatch status through the bank's app."
How do I convert a debit card purchase to EMI?,"Call the bank helpline within the specified days of purchase or use the mobile app. Select the transaction, choose EMI tenure, and confirm. A small processing fee applies."
How do I set up auto pay for credit card?,"Register for NACH mandate with your bank, linking your savings account to auto-debit the minimum due or full outstanding amount on the credit card due date."
How do I get a loan repayment certificate for IT purposes?,Request a provisional or final interest certificate from the bank's branch or net banking portal. It shows total interest paid in the financial year for tax filing.
What is the process for an e-mandate cancellation?,"Log in to net banking, go to 'Mandates / AutoPay', select the active mandate, and click cancel. Some mandates may also be cancelled through the company's portal."
How do I set up alerts for low balance?,"Log in to net banking or the mobile app, go to alert settings, and enable low balance alerts. Enter the threshold amount below which you want to be notified."
How do I update my email ID in the bank?,Visit the branch or use net banking account settings to update your email. An OTP will be sent to your registered mobile for verification.
How do I get a no-dues certificate from the bank?,"Once you repay a loan fully, request a no-dues or loan closure certificate from the bank. It's usually issued within 3–5 working days after all dues are cleared."
How do I check if my FD is auto-renewed?,Log in to mobile or net banking and check the FD details page. The renewal date and status will show if it has been auto-renewed and at what rate.
How do I get a copy of my sanction letter for a loan?,Log in to net banking or visit the branch to request a copy of your loan sanction letter. It's useful for tax filing and verifying loan terms.
How do I avoid SIM swap fraud?,"Never share your mobile number or Aadhaar with strangers. If your SIM stops working suddenly, immediately call your telecom provider and bank to block access."
How do I opt out of telemarketing calls from my bank?,Register your number on the DND (Do Not Disturb) registry by calling 1909 or through TRAI's website. You can also ask your bank to remove you from marketing lists.
What is life insurance?,Life insurance pays a lump sum to your family if you pass away during the policy term. It financially protects your dependents.
What is term insurance?,Term insurance is the purest form of life insurance. It covers death risk at a low premium with no maturity benefit if you survive.
What is endowment insurance?,"Endowment insurance combines life cover with savings. It pays out on death or on maturity of the policy, whichever comes first."
What is whole life insurance?,Whole life insurance covers you for your entire life (or up to age 99–100). It builds cash value over time that you can borrow against.
What is ULIP?,"Unit Linked Insurance Plan (ULIP) combines insurance with market-linked investment. Part of your premium goes into funds (equity, debt, hybrid)."
What is a health insurance deductible?,A deductible is the amount you must pay out of pocket before your health insurance starts covering the medical bill.
What is a cashless hospitalization?,"With cashless hospitalization, your insurer directly settles the bill with the hospital (from a network list), so you don't need to pay and claim later."
What is a health insurance co-payment?,"Co-payment is a fixed percentage of the medical bill you pay yourself, while the insurer pays the rest. For example, 10% co-pay on a ₹1 lakh bill means you pay ₹10,000."
What is a waiting period in health insurance?,"A waiting period is a time after purchasing the policy during which certain conditions (pre-existing diseases, maternity) are not covered."
What is a pre-existing disease clause?,Pre-existing diseases (conditions you had before buying the policy) are usually not covered for 2–4 years after purchasing health insurance.
What is a sum insured in insurance?,Sum insured is the maximum amount your insurer will pay in a year for your health or the lump sum paid in life insurance on death/maturity.
What is a premium in insurance?,"A premium is the regular amount you pay (monthly, quarterly, or annually) to keep your insurance policy active."
What is a claim in insurance?,A claim is when you formally ask the insurance company to pay you for a loss covered under your policy — like a medical bill or life insurance payout.
What is a maturity benefit in insurance?,Maturity benefit is the amount paid to you at the end of the insurance policy term if you're still alive. Applicable in endowment and ULIP plans.
What is a death benefit in insurance?,Death benefit is the amount paid to your nominee when you die during the active policy period.
What is an annuity plan?,"An annuity plan is an insurance product that provides a regular income — monthly, quarterly, or annually — typically used for retirement planning."
What is the PMJJBY scheme?,Pradhan Mantri Jeevan Jyoti Bima Yojana gives ₹2 lakh life cover for an annual premium of ₹436. Your bank auto-debits the premium from your account.
What is the PMSBY scheme?,"Pradhan Mantri Suraksha Bima Yojana offers ₹2 lakh accidental death and disability cover for just ₹20 per year, auto-debited from your savings account."
What is Ayushman Bharat Yojana?,"Ayushman Bharat provides health cover of ₹5 lakh per family per year to economically vulnerable households for secondary and tertiary hospitalization, completely free."
What is ESIC?,"ESIC (Employees' State Insurance Corporation) provides health, maternity, and accident insurance to employees earning up to ₹21,000/month. Premium is shared by employer and employee."
What is EPF?,"Employee Provident Fund is a retirement savings scheme where both employee and employer contribute 12% of basic salary. Interest is 8.15% p.a., tax-free on maturity."
What is EPS?,"Employee Pension Scheme is part of the EPF. 8.33% of the employer's share goes into EPS, providing a monthly pension after retirement."
What is NPS?,"National Pension System is a voluntary retirement savings scheme regulated by PFRDA. Contributions earn market-linked returns, and part of the corpus buys an annuity at retirement."
What is the APY scheme?,"Atal Pension Yojana guarantees a monthly pension of ₹1,000–₹5,000 after age 60 for workers in the unorganized sector, with contributions starting from as low as ₹42/month."
What is the Sukanya Samriddhi Yojana?,SSY is a savings scheme for the girl child offering ~8.2% interest. It matures when the girl turns 21 and contributions qualify for 80C deduction.
What is the Senior Citizen Savings Scheme?,SCSS offers a 5-year savings option for those above 60 with the highest interest rate among post office/bank schemes (currently 8.2%). Qualifies for 80C deduction.
What is the post office savings scheme?,"Post offices offer savings products like savings accounts, RD, TD (fixed deposit), MIS, NSC, KVP, SCSS, PPF, and Sukanya Samriddhi under Government Small Savings Schemes."
What is the National Savings Certificate?,NSC is a 5-year government savings bond issued by post offices offering ~7.7% annual interest. It qualifies for Section 80C deduction and interest is reinvested.
What is Kisan Vikas Patra?,KVP is a post office savings certificate where your money doubles in a fixed period (currently ~115 months). No income tax benefit but a safe government-backed option.
What is the Post Office Monthly Income Scheme?,POMIS is a 5-year scheme where you deposit a lump sum and receive fixed monthly interest. Safe for retirees needing regular income — currently offering 7.4% p.a.
What is Rashtriya Vayoshri Yojana?,"RVY is a government scheme providing senior citizens from the BPL category with free assistive devices like hearing aids, wheelchairs, and spectacles."
What is PM Vaya Vandana Yojana?,"PMVVY is a pension scheme from LIC of India for senior citizens above 60, offering assured returns of 7.4% p.a. for 10 years, paid as monthly, quarterly, or annual pension."
What is the Stand-Up India scheme?,"Stand-Up India provides loans from ₹10 lakh to ₹1 crore to SC/ST and women entrepreneurs to set up greenfield enterprises, with bank branches covering at least one such borrower each."
What is PM SVANidhi?,"PM SVANidhi is a micro-credit scheme for street vendors offering ₹10,000 initial loans, growing to ₹20,000 and ₹50,000 on timely repayment, with a 7% interest subsidy."
What is the Credit Guarantee Fund Trust for Micro & Small Enterprises?,"CGTMSE provides collateral-free credit guarantee coverage to banks lending to MSMEs, encouraging banks to lend without security to small businesses."
What is the MUDRA Bank?,MUDRA (Micro Units Development and Refinance Agency) refinances banks and MFIs to provide loans to micro-enterprises. It doesn't lend directly but sets policy for MUDRA loans.
What is the Jan Suraksha Scheme?,"Jan Suraksha comprises PMJJBY (life cover), PMSBY (accident cover), and APY (pension), providing low-cost social security to millions of unorganized sector workers."
What is Pradhan Mantri Awas Yojana?,PMAY provides interest subsidies on home loans to make housing affordable. EWS (income below ₹3L) gets 6.5% subsidy; LIG (₹3–6L) 6.5%; MIG I/II get lower subsidies.
What is DICGC insurance?,"DICGC insures bank deposits up to ₹5 lakh per depositor per bank. If the bank fails, you are guaranteed to get back up to ₹5 lakh from DICGC."
What is a general insurance policy?,"General insurance covers non-life assets and health — like car insurance, home insurance, health insurance, and travel insurance. It typically renews every year."
What is a third-party motor insurance?,Third-party insurance is mandatory for all vehicles in India. It covers damage or injury caused to another person or vehicle in an accident involving your vehicle.
What is comprehensive vehicle insurance?,"Comprehensive insurance covers damage to your own vehicle in addition to third-party liability — from accidents, theft, fire, flood, and natural disasters."
What is IDV in vehicle insurance?,IDV is Insured Declared Value — the maximum amount the insurer will pay if your vehicle is stolen or totally damaged. It reduces each year as the vehicle ages.
What is a no-claim bonus in vehicle insurance?,"If you don't make any claim in a year, you get a no-claim bonus — a discount of 20–50% on the premium for the next year."
What is travel insurance?,"Travel insurance covers you during a trip for medical emergencies, trip cancellation, lost luggage, flight delays, and passport loss."
What is fire insurance?,"Fire insurance covers damage to property and assets from fire, lightning, explosion, and related perils. Required for commercial properties and often recommended for homes."
What is marine insurance?,"Marine insurance covers goods in transit — by sea, air, or land. It protects merchants and exporters from losses due to cargo damage or delay."
What is crop insurance?,"Pradhan Mantri Fasal Bima Yojana (PMFBY) provides insurance coverage to farmers against crop losses due to natural calamities, pests, and diseases at low premiums."
What is a microinsurance plan?,"Microinsurance provides small, low-cost coverage to low-income individuals for health, life, or assets. It's designed to be simple and affordable for rural and informal workers."
What is the IRDAI?,IRDAI is the Insurance Regulatory and Development Authority of India. It licenses and regulates all insurance companies and protects policyholders in India.
What is a policy surrender value?,"Surrender value is the amount you receive if you cancel your life insurance policy before maturity. It's less than the premiums paid, especially if surrendered early."
What is a paid-up policy?,A paid-up policy is one where you stop paying premiums but retain a reduced sum assured. The policy continues with a lower benefit.
What is a lapsed insurance policy?,A policy lapses when you miss premium payments beyond the grace period. Coverage stops. You may revive it within 2–5 years by paying arrears with interest.
What is policy revival?,"A lapsed policy can be revived by paying all overdue premiums plus interest and sometimes passing a medical examination, within the revival period of 2–5 years."
What is a free-look period in insurance?,"Free-look period is a 15–30 day window after receiving your policy document. If you're unhappy, you can return it and get a full premium refund."
What is a rider in insurance?,"A rider is an add-on benefit attached to your base insurance policy — like critical illness rider, accidental disability rider, or waiver of premium rider."
What is critical illness insurance?,"Critical illness insurance pays a lump sum on diagnosis of specified illnesses like cancer, heart attack, stroke, or kidney failure, regardless of actual medical expenses."
What is a hospital daily cash policy?,"A hospital daily cash plan pays a fixed daily allowance (₹500–₹2,000) for each day you're hospitalized, to cover incidental costs not covered by regular health insurance."
What is group insurance?,Group insurance is a single policy covering a group of people — like company employees or bank account holders under PMJJBY. It's cheaper than individual policies.
What is an insurance agent?,An insurance agent is licensed by IRDAI to sell insurance products on behalf of one insurer. A broker can sell products of multiple insurers and offers comparison services.
What is the claims settlement ratio of an insurer?,Claims settlement ratio is the percentage of total claims settled by an insurer in a year. A higher ratio (above 95%) indicates a reliable insurer.
What is the National Health Mission?,"NHM is a government program providing affordable healthcare services, especially maternal and child health, to underserved populations in urban and rural India."
What is the Central Government Health Scheme?,"CGHS provides comprehensive health facilities to Central Government employees, pensioners, and their families through dispensaries and empanelled hospitals."
What is a gratuity?,Gratuity is a one-time payment given by an employer to an employee on retirement or resignation after 5 or more years of service. Calculated as 15 days' salary per year of service.
What is a provident fund?,A provident fund is a retirement savings account where both employee and employer contribute a percentage of salary each month. It earns guaranteed interest and is tax-free at maturity.
What is VPF?,"Voluntary Provident Fund allows employees to contribute more than the mandatory 12% of salary to their EPF account, earning the same 8.15% interest rate."
What is the Gratuity Act?,The Payment of Gratuity Act mandates that employers pay gratuity to employees who have completed at least 5 years of service on retirement or resignation.
What is ESOP?,"Employee Stock Option Plan gives employees the right to buy company shares at a set price after a vesting period, allowing them to benefit from company growth."
What is the Employees Deposit Linked Insurance Scheme?,"EDLI provides life insurance to EPF members. If an EPF member dies during service, the family receives up to ₹7 lakh as insurance benefit, funded by the employer's contribution."
What is a home loan insurance?,"Home loan insurance (mortgage reducing term assurance) is a decreasing term life insurance plan that covers your outstanding home loan. If you die, the insurer repays the bank."
What is a credit card insurance?,"Credit card insurance covers outstanding credit card dues in case of death, permanent disability, or job loss, protecting your family from the burden of repayment."
What is personal accident insurance?,"Personal accident insurance provides compensation for accidental death, permanent disability, or hospitalization due to an accident. Separate from regular health insurance."
What is an annuity in insurance?,"An annuity is a stream of regular payments from an insurer, typically for life or a set term, used to provide post-retirement income. You deposit a lump sum upfront."
What is the Jeevan Jyoti scheme premium?,"PMJJBY's current annual premium is ₹436, auto-debited from your savings account between June 1 and May 31 each year for ₹2 lakh life cover."
What is the role of insurance in banking?,Banks sell insurance products (bancassurance) as a distribution channel. Insurance also protects bank assets — loans are covered by collateral insurance and life insurance.
What is bancassurance?,"Bancassurance is the partnership between a bank and an insurance company where the bank sells insurance products (life, health, general) to its customers through its branches and digital channels."
What is a pension plan in insurance?,"A pension plan helps you accumulate a retirement corpus by paying regular premiums. On retirement, the corpus is converted to a monthly annuity income for the rest of your life."
What is PM Kisan?,"PM-KISAN provides ₹6,000 per year in three instalments of ₹2,000 directly to small and marginal farmers (below 2 hectares of land). The amount goes directly to their bank account."
What is the Direct Benefit Transfer scheme?,"DBT directly transfers government subsidies — LPG, scholarships, MNREGA wages, PM-KISAN — to the beneficiary's bank account, eliminating middlemen and reducing leakage."
What is the Jan Aushadhi scheme?,Pradhan Mantri Bharatiya Janaushadhi Pariyojana provides quality generic medicines at up to 50–90% lower prices through Jan Aushadhi Kendras across India.
What is international banking?,"International banking provides financial services across borders — foreign currency accounts, international money transfers, trade finance, and forex services."
What is a SWIFT transfer?,SWIFT transfer is the standard way to send money internationally. It uses SWIFT codes to route the payment through correspondent banks to the destination.
What is forex?,"Forex is the foreign exchange market where currencies are bought and sold. Exchange rates fluctuate based on demand and supply, economic data, and geopolitical events."
What is an exchange rate?,An exchange rate is the price of one currency in terms of another — like ₹84 for 1 USD. It changes throughout the day based on market forces.
What is currency conversion?,"Currency conversion is the process of exchanging one currency for another at the current exchange rate, done at banks, forex agencies, or ATMs abroad."
What is a forex card?,A forex card (travel card) is a prepaid card loaded with foreign currency at a locked-in exchange rate. It's cheaper than using a regular debit card abroad.
What is the TCS on forex transactions?,"From July 2023, a 20% Tax Collected at Source (TCS) applies on remittances abroad above ₹7 lakh per year under the Liberalised Remittance Scheme, excluding education and medical."
What is the Liberalised Remittance Scheme?,"LRS allows resident Indians to remit up to USD 2,50,000 per financial year abroad for permitted purposes like education, travel, investment, and maintenance of relatives."
What is a remittance?,"A remittance is money transferred by an NRI to their family in India. India is the world's top remittance receiver, with NRIs sending billions annually."
What is FEMA in banking?,"FEMA (Foreign Exchange Management Act) governs all cross-border transactions, NRI accounts, imports, exports, and foreign investments in India."
What is a correspondent bank?,"A correspondent bank in one country provides banking services on behalf of another bank in a different country, facilitating international payments and currency exchange."
What is IBAN?,"IBAN (International Bank Account Number) is a standard account number format used in Europe and many countries for cross-border transfers, containing country code, check digits, and account details."
What is the difference between NRE and NRO accounts?,"NRE holds foreign earnings in INR, interest is tax-free, and funds are fully repatriable. NRO holds India-earned income, interest is taxable, and repatriation has limits."
What is FCNR deposit?,"FCNR lets NRIs keep deposits in foreign currency (USD, GBP, EUR, CAD, etc.) in Indian banks, earning interest in the same foreign currency without any exchange rate risk."
What is wire transfer?,A wire transfer is an electronic funds transfer between banks in different countries using the SWIFT network. It's secure but takes 1–5 working days and charges fees.
What is cross-currency transaction fee?,"When you use a card abroad or make an international payment in a foreign currency, the bank charges a cross-currency markup — usually 2–4% above the exchange rate."
What is a foreign currency account?,A foreign currency account holds money in currencies other than the home currency — like a USD account in an Indian bank — used for international trade or travel.
What is a nostro account?,A nostro account is a bank account held by an Indian bank in a foreign country in a foreign currency — used to facilitate international payments.
What is a vostro account?,"A vostro account is a foreign bank's account held in an Indian bank in Indian rupees, used for trade settlements and international payments."
What is a loro account?,"A loro account is a third-party perspective — when Bank A refers to the account that Bank B holds at Bank C, it calls it a loro account."
What is a trade finance letter of credit?,A letter of credit in trade finance is a bank guarantee to the exporter that payment will be made when shipment documents confirming delivery are presented.
What is a bank draft for international transfer?,An international bank draft is a bank-issued cheque in foreign currency payable at a specified foreign bank. Used for large one-time payments abroad.
What is a forex trading account?,A forex trading account with a broker allows you to buy and sell currency pairs to profit from exchange rate movements. High risk; not for average savers.
What is currency hedging?,Currency hedging means locking in an exchange rate using forward contracts or options to protect against unfavourable currency movements in international trade.
What is a forward contract in forex?,"A forward contract is an agreement to exchange currency at a fixed rate on a future date, protecting businesses from exchange rate risk on future transactions."
What is the RBI's role in forex?,"RBI manages India's forex reserves, intervenes in the market to prevent extreme rupee volatility, and sets rules for all cross-border transactions under FEMA."
What is the India-Russia Rupee Trade settlement?,"India and Russia (and some other countries) have bilateral agreements to settle trade in Indian rupees or their own currencies, reducing dependence on the US dollar."
What is a packing credit loan?,Packing credit is a pre-shipment loan given to exporters by banks to buy raw material and produce goods before shipping. Repaid when payment from foreign buyer is received.
What is an export credit guarantee?,Export Credit Guarantee Corporation (ECGC) provides insurance to Indian exporters against the risk of non-payment by foreign buyers.
What is a documentary collection?,"Documentary collection is a trade payment method where the exporter's bank forwards shipping documents to the importer's bank, releasing them only when the buyer pays or commits to pay."
What is an LC at sight?,"A sight LC requires the importer's bank to pay immediately when the exporter presents the correct shipping documents, with no credit period."
What is a usance LC?,"A usance (deferred payment) LC allows the importer to pay after a set period (30, 60, or 90 days) after shipment documents are presented."
What is a bank guarantee in international trade?,"A bank guarantee assures the overseas buyer or seller that if the Indian party fails to meet its contractual commitment, the bank will pay the guaranteed amount."
What is foreign currency non-repatriable (FCNR) vs NRE?,"FCNR deposits are in foreign currency, protecting against exchange risk. NRE deposits are in rupees, so exchange rate applies on deposit and withdrawal."
What is the impact of RBI intervention in forex market?,RBI buys or sells dollars to manage extreme rupee volatility. Buying dollars weakens the rupee; selling dollars strengthens it.
What is hawala?,"Hawala is an informal, illegal money transfer system operating outside the formal banking system. It's banned in India as it facilitates money laundering and tax evasion."
What is money laundering?,"Money laundering is the process of disguising illegally obtained funds as legitimate income, often involving multiple bank transactions across countries."
What is a sanctions screening in banking?,"Banks screen transactions and customers against government and global sanction lists (OFAC, UN) to prevent financial dealings with sanctioned individuals or countries."
What is de-dollarization?,"De-dollarization is the effort by countries to reduce dependence on the US dollar for trade, reserves, and financial transactions, using local or alternative currencies instead."
What is a digital currency for international payments?,"Central banks are exploring CBDCs for cross-border transactions that could be faster and cheaper than SWIFT, reducing reliance on correspondent banking."
What is a currency peg?,A currency peg is when a country fixes its exchange rate to a major currency like the US dollar. It provides stability but limits monetary policy flexibility.
What is the special drawing right (SDR)?,"SDR is an international reserve asset created by the IMF. Its value is based on a basket of major currencies (USD, EUR, CNY, JPY, GBP). India holds SDRs as part of forex reserves."
What is the International Monetary Fund?,"The IMF is an international organization that provides financial assistance and policy advice to countries facing balance of payments crises, promoting global economic stability."
What is the World Bank?,"The World Bank provides loans and grants to developing countries for development projects — infrastructure, education, health — to reduce poverty."
What is ADB?,"Asian Development Bank (ADB) provides loans, grants, and technical assistance to Asian countries, focusing on infrastructure, energy, and sustainable development."
What is the BIS?,Bank for International Settlements (BIS) is a global institution owned by central banks that promotes international monetary cooperation and acts as a bank for central banks.
What is G20 and its banking relevance?,"G20 is a forum of the world's 20 largest economies. It discusses financial regulation, tax policy, global banking rules (Basel), and economic coordination between nations."
What is a bilateral currency swap?,A bilateral currency swap is an agreement between two central banks to exchange currencies up to a set limit to support each other during liquidity crises without needing US dollars.
What is a euro bond?,A eurobond is a bond issued by a company or government in a currency different from the country where it's issued — like an Indian company issuing USD bonds in London.
What is a masala bond?,"A masala bond is a rupee-denominated bond issued by an Indian entity in overseas markets. Foreign investors take the currency risk, and India gets foreign funds in rupees."
What is an offshore banking unit?,OBU is a special bank branch in India's special economic zones (SEZs) that can conduct banking transactions in foreign currencies with non-resident entities.
What is a free trade zone banking?,Banks in free trade zones or SEZs operate under relaxed regulations to attract foreign business and facilitate international trade finance.
What is the rupee trade settlement mechanism?,"India allows bilateral trade settlement in rupees with several countries. The exporter/importer gets paid in rupees instead of converting to dollars, simplifying trade."
What is a country risk in banking?,"Country risk is the risk that a foreign country may default, impose capital controls, or face instability, making it difficult for borrowers to repay international loans."
What is a sovereign risk?,Sovereign risk is the risk that a government will default on its own debt or be unable to honour guarantees given to foreign lenders.
What is foreign debt?,Foreign debt is money borrowed by a government or company from international lenders in foreign currencies. Repayment becomes more expensive if the local currency weakens.
What is external commercial borrowing?,ECB is money borrowed by Indian companies from foreign lenders in foreign currency. It's cheaper than domestic borrowing but carries forex risk. Regulated by RBI.
What is a foreign exchange derivative?,"Forex derivatives (options, futures, swaps) are contracts used to hedge against or speculate on future currency movements."
What is arbitrage in forex?,Forex arbitrage is simultaneously buying and selling currency pairs across markets to profit from tiny price differences. High-frequency computers mostly do this today.
What is carry trade?,"Carry trade is borrowing in a low-interest-rate currency and investing in a higher-interest-rate currency. Profitable in stable conditions, but risky if exchange rates move."
What is the purchasing power of the rupee abroad?,The purchasing power of the rupee abroad depends on the exchange rate. A weaker rupee means your money buys less in foreign currency terms.
What is a currency war?,"A currency war is when countries deliberately devalue their currencies to make exports cheaper, boosting trade at the expense of trading partners."
What is dollarization?,"Dollarization is when a country officially or unofficially uses the US dollar as its currency instead of its own, often when local currency is too unstable."
What is cross-border capital flow?,"Cross-border capital flows are investments and loans moving between countries — FDI, FPI, ECBs, and remittances. RBI monitors these under FEMA."
What is the impact of a strong dollar on India?,"A strong dollar makes the rupee weaker, increasing the cost of imports (especially oil), raising inflation, but also benefiting IT and export companies that earn in dollars."
What is an import letter of credit?,An import LC is issued by an Indian buyer's bank to assure the foreign seller of payment upon shipment. It gives the seller confidence to export goods.
What is a bank's forex dealing room?,"The forex dealing room is where a bank's treasury traders buy and sell currencies for the bank and clients, managing the bank's forex exposure in real time."
What is FATF?,FATF (Financial Action Task Force) is an intergovernmental body setting global standards for combating money laundering and terrorist financing. Countries failing FATF assessments face restrictions.
What is the FEMA compliance for sending money abroad?,"Under LRS, residents can remit up to USD 2,50,000 per year abroad. They must complete a Form A2 declaration stating the purpose of the remittance."
What is a grey list in FATF?,Being on FATF's grey list means increased monitoring due to strategic deficiencies in anti-money-laundering and counter-terrorism financing measures.
What is a correspondent banking relationship?,"When Bank A (in India) and Bank B (in the US) maintain accounts with each other to process international transactions on behalf of their customers, they have a correspondent relationship."
What is the capital market?,"The capital market is where long-term financial instruments like shares, debentures, and bonds are bought and sold. NSE and BSE are India's main capital markets."
What is the money market?,"The money market deals with short-term borrowing and lending — usually under 1 year. Instruments include Treasury Bills, Commercial Paper, and Certificates of Deposit."
What is a Treasury Bill (T-Bill)?,"T-Bills are short-term government securities (91-day, 182-day, 364-day) issued by RBI on behalf of the Government of India at a discount to face value."
What is a government security (G-Sec)?,G-Secs are debt instruments issued by the central government to borrow money. They pay regular interest and are considered the safest investment in India.
What is a corporate bond?,A corporate bond is a debt security issued by a company to raise funds. It pays fixed interest and the principal at maturity. Higher yield than G-Secs but more risk.
What is a debenture?,"A debenture is a form of long-term debt issued by companies. It pays fixed interest and is backed by the company's creditworthiness, not specific assets."
What is a commercial paper?,"Commercial paper is a short-term unsecured promissory note issued by large corporations to raise funds for working capital needs, typically for 7–365 days."
What is a certificate of deposit?,"A CD is a short-term fixed-income instrument issued by banks to raise funds, similar to an FD but in standardized denominations and tradeable in the secondary market."
What is the repo market?,The repo (repurchase agreement) market is where banks borrow short-term funds from RBI or other banks by selling securities with an agreement to buy them back at a higher price.
What is call money market?,"The call money market is where banks lend and borrow funds overnight to manage their daily cash requirements, at the call money rate."
What is the primary market?,"The primary market is where new securities — IPOs, FPOs, and new bond issues — are sold for the first time directly by the issuer to investors."
What is the secondary market?,The secondary market is where already-issued securities are traded among investors on stock exchanges. The issuing company doesn't receive money here.
What is an IPO?,An Initial Public Offering is when a company sells its shares to the public for the first time via a stock exchange to raise capital for growth.
What is an FPO?,A Follow-on Public Offer is when an already-listed company issues additional shares to raise more capital from the public.
What is a rights issue?,A rights issue allows existing shareholders to buy additional shares at a discounted price before they are offered to the public.
What is a private placement?,"Private placement is when a company raises funds by selling securities directly to select institutional investors or HNIs, not through a public stock exchange."
What is a Qualified Institutional Buyer (QIB)?,"QIBs are large institutional investors like mutual funds, FIIs, and insurance companies that are permitted to invest in certain securities due to their financial expertise."
What is book building in IPO?,Book building is the process where the IPO price is determined by collecting bids from investors within a price band. The final price is set where demand meets supply.
What is a price band in IPO?,A price band is the minimum (floor) and maximum (cap) price within which investors can bid for shares in a book-built IPO.
What is grey market premium in IPO?,Grey market premium (GMP) is the informal price at which IPO shares are traded before official listing. It indicates expected listing gains but is unofficial and risky.
What is ASBA in IPO application?,"ASBA (Application Supported by Blocked Amount) blocks the application money in your bank account. If shares aren't allotted, the block is released automatically."
What is Sensex?,"Sensex is the BSE benchmark index tracking 30 large, well-established companies. A rise in Sensex broadly means the Indian economy is doing well."
What is Nifty 50?,"Nifty 50 is NSE's benchmark tracking 50 large-cap companies. It's widely used for index funds, ETFs, and as a performance benchmark for fund managers."
What is market capitalisation?,"Market cap is the total value of a company's shares — calculated by multiplying share price by total number of shares. Large-cap: above ₹20,000 crore."
What is a large-cap stock?,"Large-cap stocks are the top 100 companies by market cap on Indian exchanges. They are more stable, well-established, and have more liquidity."
What is a mid-cap stock?,Mid-cap stocks are companies ranked 101st to 250th by market cap. They offer higher growth potential than large-caps but with more volatility.
What is a small-cap stock?,Small-cap stocks are companies below 250th rank by market cap. They can multiply in value rapidly but are high-risk and less liquid.
What is a blue-chip stock?,"A blue-chip stock is a share of a well-known, financially stable company with a long record of reliable performance. Examples: TCS, HDFC Bank, Infosys."
What is a sector fund?,"A sector fund invests in companies from a specific industry — IT, pharma, banking, FMCG. High reward but concentration risk."
What is a thematic fund?,"A thematic fund invests across sectors around a theme — like infrastructure, consumption, ESG, or digital economy. More diversified than sector funds."
What is SEBI's role?,"SEBI regulates and develops India's securities market — it makes rules for stock exchanges, protects investor interests, and prevents fraud and insider trading."
What is insider trading?,"Insider trading is when someone with access to non-public, price-sensitive information trades shares to gain an unfair advantage. It's illegal and penalized by SEBI."
What is a circuit breaker in stock market?,"A circuit breaker halts trading temporarily when the index moves up or down by 10%, 15%, or 20% in a day, preventing panic-driven extreme movements."
What is an upper circuit?,An upper circuit is a maximum price rise limit (like 5% or 20%) for a stock in a single trading session to prevent excessive speculation.
What is a lower circuit?,"A lower circuit is a maximum price fall limit for a stock in a session, preventing panic selling beyond a set percentage."
What is intraday trading?,Intraday trading means buying and selling shares within the same trading day. Profit depends on short-term price movements. High risk; not for beginners.
What is delivery trading?,Delivery trading means buying shares and holding them in your demat account for more than one day. Suitable for long-term investors.
What is BTST trade?,"BTST (Buy Today Sell Tomorrow) is when you sell shares the next day after buying, before they are officially credited to your demat account."
What is margin trading?,"Margin trading lets you buy more stocks than you can afford by borrowing funds from your broker, using your existing portfolio as collateral. High risk."
What is short selling?,"Short selling means selling a stock you don't own (borrowed from a broker), expecting its price to fall, so you can buy it back cheaper and profit."
What is futures trading?,A futures contract is an agreement to buy or sell an asset at a predetermined price on a future date. Used for hedging or speculation.
What is options trading?,Options give you the right (not obligation) to buy (call) or sell (put) an asset at a set price before a specific date. Used for hedging and speculation.
What is a derivative?,"A derivative is a financial contract whose value is derived from an underlying asset — like stocks, bonds, currencies, or commodities. Includes futures and options."
What is NSDL?,NSDL (National Securities Depository Limited) holds your shares and securities in electronic form. It's one of India's two main depositories alongside CDSL.
What is CDSL?,"CDSL (Central Depository Services Limited) is the other depository in India, holding shares, bonds, and mutual fund units in electronic (demat) form."
What is a depository participant?,A DP is an agent of NSDL or CDSL — like a bank or broker — through whom you open your demat account. They link you to the depository.
What is a portfolio management service?,PMS is a customised investment service for HNIs (minimum ₹50 lakh) where a professional fund manager actively manages a portfolio of stocks on your behalf.
What is an alternative investment fund?,"AIF is a privately pooled fund investing in assets like real estate, private equity, hedge funds, and venture capital. Minimum investment is ₹1 crore."
What is a real estate investment trust?,"REITs allow you to invest in income-generating real estate (like malls and offices) listed on stock exchanges, earning rental income without directly owning property."
What is an Infrastructure Investment Trust?,"InvITs are listed trusts that pool money from investors to invest in infrastructure assets (roads, power, pipelines), paying out regular income from project revenues."
What is commodity trading?,"Commodity trading involves buying and selling physical goods like gold, silver, crude oil, and agricultural products through exchanges like MCX or NCDEX."
What is MCX?,"MCX (Multi Commodity Exchange) is India's largest commodity derivatives exchange, where contracts for gold, silver, copper, crude oil, and other commodities are traded."
What is gold ETF?,A gold ETF is an exchange-traded fund where each unit represents physical gold. You can buy and sell gold ETF units like shares on the stock exchange.
What is a liquid fund?,"A liquid mutual fund invests in short-term money market instruments. It's safer than equity, offers slightly better returns than savings accounts, and is highly liquid — redemption in 24 hours."
What is an overnight fund?,An overnight fund invests in securities maturing the next day. It's the safest mutual fund category and ideal for parking surplus cash for 1–3 days.
What is an arbitrage fund?,"An arbitrage fund exploits price differences between cash and futures markets. It's taxed like equity but is low risk, making it efficient for short-term parking."
What is dividend reinvestment plan (DRIP)?,"DRIP automatically reinvests dividends received from a stock or mutual fund back into more units or shares, compounding wealth without any effort."
What is a capital gain distribution?,"When a mutual fund sells securities at a profit, it distributes the gains to unit holders as capital gain distributions, which may attract tax."
What is a stop-loss order?,"A stop-loss is an automatic order to sell a stock when its price falls to a set level, limiting your maximum loss on a trade."
What is limit order?,"A limit order is an instruction to buy or sell a stock only at a specific price or better. Unlike a market order, execution is not guaranteed."
What is a market order?,A market order is to buy or sell a stock immediately at the best available price in the market. Execution is guaranteed but the exact price isn't.
What is the settlement cycle in India?,NSE and BSE follow T+1 settlement — shares bought today are credited to your demat account by the next trading day.
What is STT?,"Securities Transaction Tax is a tax levied on buying or selling of shares, mutual fund units, and derivatives on Indian stock exchanges. It's collected at source."
What is LTCG tax on equity?,Long-term capital gains above ₹1 lakh from equity shares held over 1 year are taxed at 10% without indexation.
What is STCG tax on equity?,Short-term capital gains from equity shares sold within 1 year are taxed at 15% (now 20% from FY2025).
What is indexation benefit?,"Indexation adjusts your purchase price for inflation, reducing taxable capital gains on debt mutual funds and property held for long term."
What is a stock broker?,A stockbroker is a SEBI-registered intermediary who executes buy and sell orders on the stock exchange on your behalf. They earn a brokerage commission per trade.
What is a discount broker?,"A discount broker offers low-cost trading without investment advisory services. Examples: Zerodha, Upstox, Groww. They charge flat fees per trade."
What is a full-service broker?,"A full-service broker provides research, advisory, portfolio management, and trading. Higher commissions than discount brokers. Examples: ICICI Direct, Motilal Oswal."
What is a trading terminal?,"A trading terminal is software provided by a broker through which traders place orders, monitor prices, and analyse charts in real time."
What is an algo trading?,"Algorithmic (algo) trading uses computer programs to execute trades automatically based on pre-defined rules — price, time, volume — at high speed and frequency."
What is an ETF expense ratio?,"The expense ratio is the annual fee charged by an ETF or mutual fund to cover management and operational costs, expressed as a percentage of assets under management."
What is an index ETF?,"An index ETF tracks a benchmark index like Nifty 50 or Sensex, replicating its composition. Very low cost and passive strategy."
What is a sector rotation strategy?,"Sector rotation is shifting investments from one sector to another based on the economic cycle — for example, moving from defensive sectors (FMCG) to cyclical ones (metals) during recovery."
What is market timing?,Market timing is trying to buy at the market bottom and sell at the top. It's extremely difficult to do consistently — most experts recommend staying invested instead.
What is a financial benchmark?,A financial benchmark is a standard index or rate used to measure performance — like Nifty 50 for equity funds or G-Sec yield for debt funds.
What is the yield curve?,The yield curve plots interest rates of bonds of the same quality but different maturities. A normal upward-sloping curve means the economy is healthy; an inverted curve can signal recession.
What is quantitative easing?,Quantitative easing (QE) is when a central bank buys government securities or other financial assets to inject money into the economy and stimulate growth.
What is the exchange traded market vs OTC market?,"An exchange-traded market (like NSE) is regulated with standardized contracts. OTC (Over-the-Counter) markets involve direct, customised deals between two parties without an exchange."
What is a bank's annual report?,"An annual report is a yearly document published by a bank showing its financial performance, profit and loss, NPA levels, capital strength, and future plans."
What is gross NPA ratio?,Gross NPA ratio is the total NPAs as a percentage of a bank's total loans. A lower ratio means better loan quality and health of the bank.
What is net NPA?,Net NPA is gross NPA minus the provisions already set aside for those bad loans. It shows the actual uncovered risk the bank faces.
What is provisioning coverage ratio?,PCR is the percentage of bad loans a bank has already set aside provisions for. A higher PCR (like 70%+) shows the bank is well-protected against future losses.
What is a bank's net worth?,A bank's net worth is its total assets minus total liabilities — essentially the shareholders' equity. It's a measure of financial strength.
What is tier 1 capital?,"Tier 1 capital is a bank's core equity capital — paid-up capital, reserves, and retained earnings — that absorbs losses without closing the bank."
What is tier 2 capital?,"Tier 2 capital is supplementary capital like subordinated debt and loan loss provisions, providing additional buffer but less reliable than Tier 1."
What is a bank's leverage ratio?,The leverage ratio measures a bank's capital against its total exposure. RBI requires banks to maintain a minimum leverage ratio to prevent over-borrowing.
What is a performing asset?,"A performing asset is a loan where the borrower is making regular interest and principal payments on time, as agreed in the loan contract."
What is interest income for a bank?,Interest income is the money a bank earns from the interest it charges on loans and advances. It's the primary source of revenue for most banks.
What is non-interest income for a bank?,"Non-interest income includes fees and commissions from services like account maintenance, fund transfers, insurance, and wealth management."
What is CASA ratio?,CASA ratio is the proportion of Current Account and Savings Account deposits to total deposits. A higher CASA (above 40%) means cheaper funds for the bank.
What is a bank's spread?,Spread is the difference between the interest rate a bank charges on loans and the rate it pays on deposits. A wider spread means more profit.
What is a banking ombudsman?,RBI's Integrated Ombudsman resolves complaints against banks and NBFCs. You can file for free online at cms.rbi.org.in if your bank doesn't resolve the issue in 30 days.
What is a credit appraisal?,"Credit appraisal is the process of evaluating a loan applicant's ability and willingness to repay — checking income, credit history, employment, and the purpose of the loan."
What is a guarantor vs co-applicant?,A co-applicant shares ownership and repayment of the loan equally. A guarantor only pays if the borrower defaults and doesn't get the loan benefit.
What is a bullet repayment loan?,A bullet loan requires you to pay only interest during the loan period and repay the entire principal in one lump sum at the end of the tenure.
What is an evergreening of loans?,"Evergreening is an illegal practice where banks extend new loans to borrowers just to repay old ones, hiding NPAs. RBI strictly monitors and penalises this."
What is the interbank rate?,"The interbank rate is the interest rate at which banks lend to each other for short-term needs. In India, MIBOR (Mumbai Interbank Offered Rate) is the key benchmark."
What is MIBOR?,Mumbai Interbank Offered Rate (MIBOR) is the rate at which Indian banks lend overnight to each other. It reflects short-term market liquidity and closely tracks RBI's repo rate.
What is a structured product in banking?,"A structured product combines a traditional instrument (bond or FD) with a derivative to offer customised risk-return profiles, usually for HNIs and institutions."
What is a bank's credit rating?,"A bank's credit rating (AA+, AA, A) is issued by agencies like CRISIL or ICRA based on capital strength, asset quality, management, and earnings stability."
What is window dressing in banking?,Window dressing is when banks temporarily improve their balance sheet numbers at quarter-end by calling in loans or shifting funds to look financially healthier than they are.
What is the difference between bank and NBFC?,"A bank holds a banking licence, accepts public deposits, provides all banking services, and is regulated by RBI. An NBFC doesn't have a banking licence, can't accept demand deposits, but can give loans."
What is a credit card balance transfer?,"Balance transfer moves your outstanding credit card debt to a new card offering lower or zero interest for a promotional period, reducing your interest burden."
What is micro ATM?,A micro ATM is a handheld device used by banking correspondents in rural areas to allow customers to withdraw cash or check balance using Aadhaar biometrics or card.
What is digital onboarding?,Digital onboarding is the process of becoming a customer of a bank or financial service entirely through online channels — without physical documents or branch visits.
What is a soft loan?,"A soft loan is offered at below-market interest rates, often by governments or development banks to support sectors like agriculture, exports, or social housing."
What is the Basel Accord?,"The Basel Accords (I, II, III) are international banking regulations developed by the Basel Committee on Banking Supervision to ensure banks hold enough capital to absorb losses."
What is a debt-to-income ratio?,Debt-to-Income (DTI) ratio compares your total monthly debt payments to gross monthly income. Banks prefer it below 40–50% when evaluating loan eligibility.
What is a fixed-rate home loan?,"A fixed-rate home loan has the same interest rate throughout the tenure, making EMIs predictable. Useful when rates are expected to rise."
What is a floating-rate home loan?,A floating-rate home loan's interest rate changes with market benchmarks like the repo rate. EMIs can go up or down when rates change.
What is a bank's cost of funds?,Cost of funds is the average interest rate a bank pays to acquire its funds — from deposits and borrowings. Keeping it low improves profitability.
What is a delinquency rate?,The delinquency rate is the percentage of loans where borrowers have missed at least one payment. A rising rate signals worsening loan quality.
What is a Wilful defaulter?,"A wilful defaulter is a borrower who can repay but deliberately chooses not to. Banks cannot give new loans to wilful defaulters, and their names are published by RBI."
What is a stress test in banking?,A stress test simulates extreme economic scenarios to check if a bank has enough capital to stay solvent during a crisis — like a sharp rise in NPAs or liquidity crunch.
What is a contingent liability?,A contingent liability is a potential obligation that may arise depending on an uncertain future event — like a lawsuit or a bank guarantee that may be invoked.
What is a bank's efficiency ratio?,Efficiency ratio measures operating expenses as a percentage of revenue. A lower ratio (below 50%) means the bank manages costs well relative to income generated.
What is a subordinated debt?,Subordinated debt is a loan or bond that ranks below senior debt in priority during liquidation. Banks issue it to boost Tier 2 capital at lower cost than equity.
What is securitisation in banking?,"Securitisation is when a bank bundles similar loans (home loans, auto loans) into securities and sells them to investors, getting upfront cash while transferring credit risk."
What is priority sector lending target?,"RBI mandates banks to lend at least 40% of their net bank credit to priority sectors: agriculture (18%), MSME, housing, education, and weaker sections."
What is a green loan?,"A green loan is specifically used to fund environmentally sustainable projects — renewable energy, energy efficiency, green buildings, and clean transport."
What is ESG in banking?,"ESG stands for Environmental, Social, and Governance. Banks increasingly incorporate ESG criteria into lending decisions and investment policies."
What is financial literacy?,"Financial literacy is the knowledge and skills to make informed financial decisions — budgeting, saving, investing, understanding loans, and protecting against fraud."
What is a banking ombudsman complaint?,"If your bank doesn't resolve your complaint within 30 days, you can file a free complaint with the RBI Integrated Banking Ombudsman at cms.rbi.org.in."
What is a moratorium in loan?,"A moratorium is a temporary pause on EMI payments, granted by the bank or RBI during emergencies. Interest continues to accrue on the outstanding amount."
What is a bank's ALCO?,"ALCO (Asset Liability Committee) is a risk management committee of senior bankers that monitors and manages the bank's balance sheet, interest rate risk, and liquidity."
What is a bank's treasury?,"The treasury department manages a bank's own investments, liquidity, forex exposure, and compliance with CRR and SLR requirements."
What is a correspondent account?,"A correspondent account is held by one bank at another bank to facilitate payment processing and clearing between them, especially for cross-border transactions."
What is core capital in banking?,Core capital is the highest quality capital — equity and retained earnings — that a bank uses to absorb losses. It's the foundation of a bank's financial safety.
What is a bank consortium?,"A bank consortium is a group of banks jointly funding a large loan to a single borrower, sharing the risk. The lead bank coordinates the consortium."
What is a lender's liability?,"Lender's liability refers to legal obligations banks have towards borrowers — to act in good faith, disclose terms fairly, and not arbitrarily change loan conditions."
What is sub-debt issuance?,Sub-debt (subordinated debt) is issued by banks as bonds that pay higher interest but are repaid last in case of winding up. Used to boost Tier 2 regulatory capital.
What is a bank's dividend payout?,A bank's dividend payout is the portion of profits distributed to shareholders as dividends. RBI has guidelines on minimum capital adequacy before a bank can pay dividends.
What is a bond yield?,"Bond yield is the return on investment on a bond. When bond prices fall, yields rise. RBI's repo rate changes directly influence government bond yields."
What is a yield inversion?,Yield inversion occurs when short-term bond yields exceed long-term yields. It often signals that investors expect economic slowdown or recession ahead.
What is a floating rate bond?,A floating rate bond's interest adjusts periodically with a market benchmark. It protects investors when interest rates are rising.
What is an AT1 bond?,"Additional Tier 1 (AT1) bonds are high-risk, high-yield bonds issued by banks to raise regulatory capital. In a crisis, they can be written down (value reduced to zero) to save the bank."
What is a bank's return on equity?,Return on Equity (ROE) measures how much profit a bank earns per rupee of shareholders' equity. Higher ROE is better for investors.
What is a financial conglomerate?,"A financial conglomerate is a group offering banking, insurance, and investment services under one umbrella — like SBI Group or HDFC Group."
What is resolution of a failed bank?,"When a bank fails, RBI and the government arrange a resolution — through merger, sale, or bailout — to protect depositors and maintain financial stability."
What is the Financial Stability Report?,"RBI publishes the Financial Stability Report twice a year, assessing risks to India's banking sector, economy, and financial system."
What is an asset reconstruction company?,"An ARC buys bad loans (NPAs) from banks at a discount and then works to recover the money from the defaulting borrowers, cleaning up the bank's books."
What is the RBI's prompt corrective action?,"PCA framework restricts weak banks from paying dividends, opening branches, or growing their loan books until they meet capital, NPA, and profitability benchmarks."
What is bank nationalisation?,Bank nationalisation is when the government takes ownership of private banks. India nationalised 14 major banks in 1969 and 6 more in 1980 to expand banking access.
What is a banking sector reform?,"Banking sector reforms include liberalisation (new bank licences), privatisation discussions, NPA resolution, digital push, financial inclusion, and technology upgrades."
What is the significance of the 1991 reforms in Indian banking?,"The 1991 liberalisation allowed private banks to enter the sector, introduced CRAR norms, deregulated interest rates, and modernised the Indian banking system."
What is a virtual banking licence?,Some jurisdictions issue virtual banking licences to operate entirely digitally without physical branches. RBI is considering norms for digital-only banks in India.
What is a bank's net interest income (NII)?,NII is the difference between interest income from loans and interest paid on deposits. It's the most important revenue line for a bank.
What is an accretion model in banking?,"Accretion is the gradual increase in value of a security bought at a discount over its life to reach face value at maturity, booked as income."
What is the IBC resolution process for banks?,"Under the Insolvency and Bankruptcy Code, banks refer large defaulters to NCLT for resolution within 180–270 days. If not resolved, the company goes into liquidation."
What is a consortium lending?,"Consortium lending is when multiple banks jointly fund a large project loan, sharing risk proportionally, with one bank acting as the lead arranger."
What is a bank's minimum deposit to open FD?,"Most banks allow FDs from ₹1,000. Some banks start at ₹5,000. There's no upper limit on FD amount."
What is auto-debit in banking?,"Auto-debit is a standing instruction where the bank automatically deducts a fixed amount from your account on a set date — for EMIs, insurance, or utility bills."
What is account transfer from one branch to another?,You can transfer your account to a different branch of the same bank by submitting a request form. Your account number usually stays the same.
Can I have two savings accounts in the same bank?,"Generally, banks allow only one savings account per person. However, joint accounts, salary accounts, and special accounts like NRE are exceptions."
What is a salary account conversion?,"When you change jobs, your old salary account can be converted to a regular savings account. You may then need to maintain a minimum balance."
What is a bank's role in money creation?,"Banks create money through the lending process — every rupee deposited allows banks to lend multiple times that amount, expanding the money supply."
What is the penalty for not maintaining minimum balance?,"Banks charge ₹50 to ₹600 per month if your average balance falls below the required minimum, depending on the bank and type of account."
What is session timeout in net banking?,Net banking automatically logs you out after 5–15 minutes of inactivity to prevent unauthorised access if you forget to log out.
What is a payment link?,A payment link is a shareable URL or QR generated by merchants or individuals that directs the payer to a pre-filled payment page on UPI or card platforms.
What is DigiPay?,DigiPay is NPCI's device-based payment application for banking correspondents that enables Aadhaar-based banking services in areas without internet connectivity.
What is a virtual payment address?,A VPA (like yourname@bankname) is your UPI identity for receiving money without sharing account number or IFSC. You can have multiple VPAs.
What is UPI transaction pending?,A UPI transaction shows as pending when the transfer has been initiated but not yet confirmed by the receiver's bank. It usually resolves in a few minutes.
What is a failed UPI transaction refund time?,"If a UPI transaction fails, the money is auto-refunded within 2–3 business days. If not, raise a complaint through the UPI app or your bank."
What is IMPS vs UPI?,Both are instant 24x7 transfers. UPI uses a VPA/QR and works on mobile apps. IMPS requires account number and IFSC. UPI is more widely used today.
What is a linked bank account in UPI?,"When you register on a UPI app, you link your bank account to it. Multiple accounts from different banks can be linked to one UPI app."
What is a collect request in UPI?,"In UPI, a collect request is sent by a merchant or individual asking you to approve a payment. You receive a notification and must confirm to complete the transfer."
What is a CIBIL dispute?,If your CIBIL report has an error — like a loan you never took — you can raise a dispute on the CIBIL website. CIBIL verifies with the bank and corrects it.
What is a loan against property interest rate?,Loan against property (LAP) interest rates are typically 8–12% p.a. — lower than personal loans because the property provides security to the bank.
What is a home loan pre-payment?,Pre-payment is paying a lump sum amount towards your home loan principal before the EMI date. It reduces the outstanding balance and saves on total interest.
What is an EMI moratorium?,"During financial stress (like COVID-19), RBI may allow banks to offer an EMI moratorium — a temporary pause on repayments for 3–6 months."
What is the difference between interest rate and APR?,"Interest rate is the base cost of borrowing. APR (Annual Percentage Rate) includes all fees and charges, giving the true total cost of the loan."
What is a co-borrower vs co-applicant?,"Co-borrower and co-applicant usually mean the same thing. They jointly apply, share ownership of the loan, and are equally responsible for repayment."
What is loan amortisation?,"Amortisation is the process of gradually paying off a loan in regular instalments. In early EMIs, a larger portion covers interest; later, more goes to principal."
What is a loan write-off?,A loan write-off means the bank removes a bad loan from its books as a loss but can still legally pursue recovery from the borrower.
What is a farm loan waiver?,"A farm loan waiver is when the state or central government cancels outstanding agricultural loans for farmers, usually for small and marginal farmers facing distress."
What is priority sector classification for loans?,"Priority sector loans include credit to agriculture, MSMEs, education, housing for low-income groups, and social infrastructure. Banks must allocate 40% of advances here."
What is an anti-phishing tip?,"Banks will never ask for your OTP, password, or CVV by phone, SMS, or email. Always verify before sharing any information, even if the caller claims to be from your bank."
What is a cyber fraud recovery?,"If you're a victim of cyber fraud, report immediately to your bank and the national cybercrime portal (cybercrime.gov.in). Act within 24 hours to improve chances of recovery."
What is a bank's complaint resolution timeline?,"As per RBI guidelines, banks must acknowledge complaints within 3 days and resolve them within 30 days. Delays entitle you to compensation."
What is the role of FIU-IND?,"Financial Intelligence Unit India (FIU-IND) collects, analyses, and shares financial intelligence reports (STRs and CTRs) from banks to detect money laundering and terror financing."
What is a bank inspection by RBI?,"RBI inspects banks annually under the Financial Inspection process to check asset quality, capital adequacy, governance, compliance, and management quality."
What is a bank's grievance redressal mechanism?,"Banks have multi-level grievance redressal: branch manager, regional office, nodal officer, and finally RBI Ombudsman. Each level has a set resolution timeline."
What is account takeover fraud?,"Account takeover is when a fraudster gains full control of your bank account by stealing credentials through phishing, vishing, or SIM swap."
What is a debit card cloning?,Card cloning copies your debit card's magnetic stripe data using a skimming device. The cloned card is then used for unauthorized withdrawals.
What is a cash flow statement?,"A cash flow statement shows how cash moves in and out of a business — from operations, investments, and financing. It's one of the three main financial statements."
What is a profit and loss statement?,"A P&L statement shows a company's revenue, expenses, and net profit or loss over a period. Also called an income statement."
What is working capital?,Working capital is current assets minus current liabilities. Positive working capital means the business can meet short-term obligations without borrowing.
What is free cash flow?,"Free cash flow is the cash left after a company meets its operating costs and capital expenditure. It can be used for debt repayment, dividends, or growth."
What is leverage in finance?,Leverage is using borrowed money to amplify investment returns. It increases both potential gains and potential losses.
What is a financial statement analysis?,"Financial statement analysis examines a company's balance sheet, income statement, and cash flows using ratios and trends to assess its health and performance."
What is equity financing?,"Equity financing is raising money by issuing shares of ownership in a company. Unlike debt, it doesn't need to be repaid, but ownership is diluted."
What is debt financing?,Debt financing is borrowing money — through loans or bonds — that must be repaid with interest. It doesn't dilute ownership but creates a repayment obligation.
What is a line of credit?,A line of credit is a flexible borrowing facility from a bank where you can withdraw up to a set limit as needed and pay interest only on the amount used.
What is solvency?,Solvency is the ability of a person or company to meet long-term financial obligations. Insolvent means liabilities exceed assets.
How do I dispute a failed ATM withdrawal?,Call your bank's helpline immediately or raise a complaint through net banking. The bank must refund within 5 days or pay ₹100/day compensation.
How do I get a no-objection certificate from a bank?,"After fully repaying a loan, request an NOC at the branch. It's usually issued within 3–7 working days confirming the loan is closed."
How do I change my bank account's email ID?,"Log in to net banking and update email under account settings, or visit the branch. An OTP to your mobile will confirm the change."
How do I request a bank reference letter?,Visit your branch and request a bank reference or confirmation letter. It confirms your account existence and is usually issued within 2–3 working days.
How do I close my PPF account prematurely?,PPF allows premature closure only after 5 years for medical treatment or higher education. You receive the corpus minus a 1% interest penalty.
How do I update my address in Aadhaar through the bank?,You cannot update Aadhaar through a bank. Visit an Aadhaar Seva Kendra or do it online at myaadhaar.uidai.gov.in with valid address proof.
How do I activate push notifications for my bank account?,"Log in to your mobile banking app, go to notification settings, and enable push alerts for credits, debits, logins, and low balance warnings."
How do I set a transaction limit for my UPI?,"UPI limits are set by RBI and your bank. Within the allowed ceiling, you can adjust daily transfer limits in the UPI app's settings section."
How do I apply for a loan balance transfer?,"Apply to the new bank with your existing loan statements, property papers (for home loan), and income documents. On approval, the new bank pays off the old lender."
How do I check the status of my credit card application?,"Use the bank's application tracking portal, mobile app, or call the helpline with your reference number to check approval, pending, or rejected status."
How do I split FD into multiple accounts?,"While opening an FD, you can choose to split the amount into multiple FDs of different tenures or amounts, giving you staggered maturity dates for liquidity."
What is the claim process for PMJJBY?,"In case of the insured's death, the nominee submits the claim form with death certificate, bank passbook copy, and identity proof to the insured's bank branch."
What is the claim process for PMSBY?,"The nominee submits a claim form with accident report (FIR or panchnama), death/disability certificate, and bank details to the bank branch within 30 days."
What is the DBT payment mode?,"Direct Benefit Transfer (DBT) directly credits government benefits — subsidies, scholarships, MNREGA wages — to the beneficiary's Aadhaar-linked bank account."
What is a PMFBY claim?,"Under PM Fasal Bima Yojana, farmers must inform the bank or insurance company within 72 hours of crop loss. Compensation is assessed by a survey and credited to the account."
What is a group health insurance by bank?,Some banks offer group health insurance to account holders at discounted rates. It's an optional product sold through bancassurance tie-ups.
What is ESIC maternity benefit?,"ESIC provides full wages for 26 weeks during maternity leave to female employees earning under ₹21,000/month, covered under the ESI Act."
What is the PM Kisan Samman Nidhi registration?,"Farmers can register for PM-KISAN at their bank branch or online via the PM-KISAN portal with land records, Aadhaar, and bank account details."
What is a health insurance TPA?,"TPA (Third Party Administrator) is a IRDAI-licensed company that processes health insurance claims between the insured and the insurer, facilitating cashless hospitalization."
What is a waiting period in health insurance?,Most health policies don't cover pre-existing diseases for 2–4 years and have shorter waits for specific conditions like cataracts and hernia.
What is the TCS rate on foreign remittance for education?,"For education loans from financial institutions, TCS is 0.5% on remittances above ₹7 lakh per year. For self-funded education, TCS is 5% above ₹7 lakh."
What is a foreign currency demand draft?,A foreign currency DD is a prepaid bank draft in a foreign currency (like USD) used for university fee payments abroad. The bank charges a conversion fee.
What is the FATCA declaration in banking?,FATCA (Foreign Account Tax Compliance Act) requires Indian banks to report accounts of US persons to the US tax authority. All customers must submit a FATCA declaration at account opening.
What is the CRS declaration?,Common Reporting Standard (CRS) is a global tax information exchange framework. Banks collect residency and tax information from customers to share with tax authorities.
What is a cross-border NACH mandate?,"A cross-border NACH-like arrangement is being developed for recurring international payments. Currently, international recurring payments use card-based mandates."
What is a BIC code?,BIC (Bank Identifier Code) is another term for the SWIFT code used to identify a bank's specific branch in international wire transfers.
What is a money transfer operator?,"MTOs like Western Union, MoneyGram, and Wise (TransferWise) facilitate international money transfers quickly, often faster and cheaper than traditional bank wires."
What is an open-ended mutual fund?,An open-ended fund continuously accepts new investments and redemptions at the current NAV. You can invest and withdraw anytime — unlike closed-ended funds.
What is a closed-ended mutual fund?,A closed-ended fund raises money once during an NFO (New Fund Offer) and is listed on the stock exchange. Units can only be bought/sold on the exchange after the NFO.
What is an NFO?,NFO (New Fund Offer) is the launch of a new mutual fund scheme. It's the mutual fund equivalent of an IPO. Units are offered at ₹10 face value during the NFO.
What is an interval fund?,"An interval fund allows redemption only during specific intervals (monthly, quarterly). It invests in less liquid assets and offers slightly higher returns."
What is a debt mutual fund taxation?,"From April 2023, debt mutual funds are taxed at your income tax slab rate regardless of holding period. The earlier LTCG with indexation benefit was removed."
What is a hybrid fund taxation?,"Hybrid funds with over 65% equity are taxed like equity (LTCG 10% after ₹1 lakh, STCG 15%). Below 65% equity, they're taxed like debt funds."
What is an exit load in mutual fund?,Exit load is a charge (usually 1%) if you redeem mutual fund units before a specified holding period (typically 1 year for equity funds). It discourages premature withdrawal.
What is total expense ratio?,"TER is the annual cost of managing a mutual fund, expressed as a percentage of assets. A lower TER means more of your returns stay with you."
What is a direct plan mutual fund?,A direct plan is purchased directly from the fund house without a broker. It has a lower expense ratio than a regular plan and gives better long-term returns.
What is a regular plan mutual fund?,"A regular plan is bought through a broker or distributor. The distributor earns a commission built into the expense ratio, making the TER slightly higher than direct plans."
What is the Nifty Bank index?,Nifty Bank tracks the 12 most liquid and large banking sector stocks on NSE. It's a benchmark for banking sector performance and related ETFs.
What is a gold mutual fund?,A gold fund invests in gold ETFs or shares of gold mining companies. It provides gold exposure without holding physical metal.
What is a bank's interest rate risk?,Interest rate risk is the impact on a bank's earnings and capital when interest rates change unexpectedly. Rising rates reduce the value of fixed-rate bonds held by the bank.
What is a bank's operational risk?,"Operational risk is the risk of loss from failed internal processes, people, systems, or external events — like a system outage, fraud, or natural disaster."
What is market risk for banks?,"Market risk is the risk that changes in interest rates, forex rates, equity prices, or commodity prices will reduce the value of a bank's trading or investment portfolio."
What is a bank's reputation risk?,"Reputation risk is the potential for negative public perception — from fraud, poor service, or regulatory penalties — to damage the bank's customer base and business."
What is a bank's compliance department?,"The compliance team ensures the bank follows all laws, RBI guidelines, AML rules, KYC norms, and internal policies. Non-compliance can result in heavy penalties."
What is a bank's technology risk?,"Technology risk includes cyber threats, system failures, data breaches, and outdated IT infrastructure that can disrupt banking operations or expose customer data."
What is an enterprise risk management framework?,"ERM is a bank-wide approach to identify, assess, manage, and monitor all risks — credit, market, liquidity, operational — to protect the bank's stability."
What is a bank's non-interest expense?,"Non-interest expenses are operating costs — salaries, rent, IT, marketing, and depreciation — that are not directly related to interest on deposits or borrowings."
What is the difference between bank credit and bank debit?,"In banking, a credit is money added to your account (deposit, transfer received). A debit is money taken from your account (withdrawal, EMI, fee)."
What is a banker's acceptance?,A banker's acceptance is a short-term debt instrument issued by a company and guaranteed by its bank. Commonly used in international trade to finance imports.
What is the difference between gross and net NPA?,"Gross NPA is total bad loans before deducting provisions. Net NPA deducts the provisions already set aside, showing the actual uncovered risk."
What is a bank's capital buffer?,"A capital conservation buffer is an extra 2.5% of capital that banks must hold above the minimum CAR to absorb losses in stressful periods, as per Basel III norms."
What is liquidity risk in banking?,Liquidity risk is the risk that a bank can't meet its short-term obligations — like sudden deposit withdrawals — because it can't convert assets to cash quickly enough.
What is bank reconciliation for personal accounts?,"It's comparing your own transaction records with your bank statement to spot errors, missed entries, or fraud. A good habit to do monthly."
What is a UPI mandate?,A UPI mandate is a standing instruction that allows a merchant or lender to automatically debit your account on specific dates for recurring payments like EMIs or subscriptions.
What is a balance transfer EMI?,"A balance transfer EMI moves your credit card outstanding balance to a personal loan with lower interest, converting it into fixed monthly instalments."
What is a bank's cybersecurity policy?,"A bank's cybersecurity policy outlines rules for data protection, access control, incident response, and employee training to guard against digital threats."
What is the time value of money?,"The time value of money means ₹1,000 today is worth more than ₹1,000 a year from now, because today's money can be invested to earn returns."
How do I check my PMJJBY insurance status?,Log in to your bank's mobile app or visit the branch to check if your PMJJBY premium has been deducted and your cover is active for the current year.
What is the PM Garib Kalyan Anna Yojana?,"PMGKAY provides free food grain (5 kg per person per month) to about 80 crore beneficiaries under the National Food Security Act, funded by the central government."
What is the RBI's LRS limit?,"Under the Liberalised Remittance Scheme, resident Indians can remit up to USD 2,50,000 per financial year for approved purposes like travel, education, and investment abroad."
What is a balanced advantage fund?,A balanced advantage fund (BAF) dynamically shifts allocation between equity and debt based on market valuations. It reduces equity when markets are expensive and increases it when they're cheap.
What is a bank's interest coverage ratio?,Interest coverage ratio measures how easily a company can pay interest on its debt from operating earnings. Banks use it to assess a borrower's repayment capacity.
What is e-statement in banking?,"An e-statement is a digital version of your monthly bank account statement, delivered to your registered email instead of a physical printout."
